evidence_id,zip_internal_path
evidence_import_refs_2025_09_11_10_1002_14651858_cd000335_pub2,IA-clinique-codex-execute-codex-integration-script/evidence/_audit/evidence_import_refs_2025_09_11_10_1002_14651858_cd000335_pub2.json
evidence_import_refs_2025_09_11_10_1002_14651858_cd000963_pub3,IA-clinique-codex-execute-codex-integration-script/evidence/_audit/evidence_import_refs_2025_09_11_10_1002_14651858_cd000963_pub3.json
evidence_import_refs_2025_09_11_10_1002_14651858_cd003010_pub5,IA-clinique-codex-execute-codex-integration-script/evidence/_audit/evidence_import_refs_2025_09_11_10_1002_14651858_cd003010_pub5.json
evidence_import_refs_2025_09_11_10_1002_14651858_cd007612_pub2,IA-clinique-codex-execute-codex-integration-script/evidence/_audit/evidence_import_refs_2025_09_11_10_1002_14651858_cd007612_pub2.json
evidence_import_refs_2025_09_11_10_1002_14651858_cd009790_pub2,IA-clinique-codex-execute-codex-integration-script/evidence/_audit/evidence_import_refs_2025_09_11_10_1002_14651858_cd009790_pub2.json
evidence_import_refs_2025_09_11_10_1002_ejp_70090,IA-clinique-codex-execute-codex-integration-script/evidence/_audit/evidence_import_refs_2025_09_11_10_1002_ejp_70090.json
evidence_import_refs_2025_09_11_10_1002_jor_20415,IA-clinique-codex-execute-codex-integration-script/evidence/_audit/evidence_import_refs_2025_09_11_10_1002_jor_20415.json
evidence_import_refs_2025_09_11_10_1002_pri_2118,IA-clinique-codex-execute-codex-integration-script/evidence/_audit/evidence_import_refs_2025_09_11_10_1002_pri_2118.json
evidence_import_refs_2025_09_11_10_1007_bf00268043,IA-clinique-codex-execute-codex-integration-script/evidence/_audit/evidence_import_refs_2025_09_11_10_1007_bf00268043.json
evidence_import_refs_2025_09_11_10_1007_bf00268173,IA-clinique-codex-execute-codex-integration-script/evidence/_audit/evidence_import_refs_2025_09_11_10_1007_bf00268173.json
evidence_import_refs_2025_09_11_10_1007_bf01742729,IA-clinique-codex-execute-codex-integration-script/evidence/_audit/evidence_import_refs_2025_09_11_10_1007_bf01742729.json
evidence_import_refs_2025_09_11_10_1016_j_apmr_2015_10_009,IA-clinique-codex-execute-codex-integration-script/evidence/_audit/evidence_import_refs_2025_09_11_10_1016_j_apmr_2015_10_009.json
evidence_import_refs_2025_09_11_10_1016_j_cpr_2024_102449,IA-clinique-codex-execute-codex-integration-script/evidence/_audit/evidence_import_refs_2025_09_11_10_1016_j_cpr_2024_102449.json
evidence_import_refs_2025_09_11_10_1016_j_ejpain_2003_09_002,IA-clinique-codex-execute-codex-integration-script/evidence/_audit/evidence_import_refs_2025_09_11_10_1016_j_ejpain_2003_09_002.json
evidence_import_refs_2025_09_11_10_1016_j_jbmt_2011_02_003,IA-clinique-codex-execute-codex-integration-script/evidence/_audit/evidence_import_refs_2025_09_11_10_1016_j_jbmt_2011_02_003.json
evidence_import_refs_2025_09_11_10_1016_j_msksp_2024_103132,IA-clinique-codex-execute-codex-integration-script/evidence/_audit/evidence_import_refs_2025_09_11_10_1016_j_msksp_2024_103132.json
evidence_import_refs_2025_09_11_10_1016_j_rsma_2024_103638,IA-clinique-codex-execute-codex-integration-script/evidence/_audit/evidence_import_refs_2025_09_11_10_1016_j_rsma_2024_103638.json
evidence_import_refs_2025_09_11_10_1016_j_seppur_2024_128370,IA-clinique-codex-execute-codex-integration-script/evidence/_audit/evidence_import_refs_2025_09_11_10_1016_j_seppur_2024_128370.json
evidence_import_refs_2025_09_11_10_1038_s41598_024_68192_2,IA-clinique-codex-execute-codex-integration-script/evidence/_audit/evidence_import_refs_2025_09_11_10_1038_s41598_024_68192_2.json
evidence_import_refs_2025_09_11_10_1056_nejm199502093320602,IA-clinique-codex-execute-codex-integration-script/evidence/_audit/evidence_import_refs_2025_09_11_10_1056_nejm199502093320602.json
evidence_import_refs_2025_09_11_10_1093_milmed_usae080,IA-clinique-codex-execute-codex-integration-script/evidence/_audit/evidence_import_refs_2025_09_11_10_1093_milmed_usae080.json
evidence_import_refs_2025_09_11_10_1093_nutrit_nuae058,IA-clinique-codex-execute-codex-integration-script/evidence/_audit/evidence_import_refs_2025_09_11_10_1093_nutrit_nuae058.json
evidence_import_refs_2025_09_11_10_1093_ptj_pzaa028,IA-clinique-codex-execute-codex-integration-script/evidence/_audit/evidence_import_refs_2025_09_11_10_1093_ptj_pzaa028.json
evidence_import_refs_2025_09_11_10_1093_ptj_pzaa231,IA-clinique-codex-execute-codex-integration-script/evidence/_audit/evidence_import_refs_2025_09_11_10_1093_ptj_pzaa231.json
evidence_import_refs_2025_09_11_10_1097_01_brs_0000146464_23007_2a,IA-clinique-codex-execute-codex-integration-script/evidence/_audit/evidence_import_refs_2025_09_11_10_1097_01_brs_0000146464_23007_2a.json
evidence_import_refs_2025_09_11_10_1097_01_brs_0000214884_18502_93,IA-clinique-codex-execute-codex-integration-script/evidence/_audit/evidence_import_refs_2025_09_11_10_1097_01_brs_0000214884_18502_93.json
evidence_import_refs_2025_09_11_10_1097_ajp_0000000000000251,IA-clinique-codex-execute-codex-integration-script/evidence/_audit/evidence_import_refs_2025_09_11_10_1097_ajp_0000000000000251.json
evidence_import_refs_2025_09_11_10_1097_bpo_0000000000002779,IA-clinique-codex-execute-codex-integration-script/evidence/_audit/evidence_import_refs_2025_09_11_10_1097_bpo_0000000000002779.json
evidence_import_refs_2025_09_11_10_1097_brs_0000000000005128,IA-clinique-codex-execute-codex-integration-script/evidence/_audit/evidence_import_refs_2025_09_11_10_1097_brs_0000000000005128.json
evidence_import_refs_2025_09_11_10_1111_pme_12052,IA-clinique-codex-execute-codex-integration-script/evidence/_audit/evidence_import_refs_2025_09_11_10_1111_pme_12052.json
evidence_import_refs_2025_09_11_10_1136_bjsm_2011_084079,IA-clinique-codex-execute-codex-integration-script/evidence/_audit/evidence_import_refs_2025_09_11_10_1136_bjsm_2011_084079.json
evidence_import_refs_2025_09_11_10_1136_bjsm_36_6_392,IA-clinique-codex-execute-codex-integration-script/evidence/_audit/evidence_import_refs_2025_09_11_10_1136_bjsm_36_6_392.json
evidence_import_refs_2025_09_11_10_1136_bjsports_2016_096458,IA-clinique-codex-execute-codex-integration-script/evidence/_audit/evidence_import_refs_2025_09_11_10_1136_bjsports_2016_096458.json
evidence_import_refs_2025_09_11_10_1136_bjsports_2017_098983,IA-clinique-codex-execute-codex-integration-script/evidence/_audit/evidence_import_refs_2025_09_11_10_1136_bjsports_2017_098983.json
evidence_import_refs_2025_09_11_10_1136_bjsports_2018_099198,IA-clinique-codex-execute-codex-integration-script/evidence/_audit/evidence_import_refs_2025_09_11_10_1136_bjsports_2018_099198.json
evidence_import_refs_2025_09_11_10_1136_bjsports_2018_099747,IA-clinique-codex-execute-codex-integration-script/evidence/_audit/evidence_import_refs_2025_09_11_10_1136_bjsports_2018_099747.json
evidence_import_refs_2025_09_11_10_1136_bmj_f7095,IA-clinique-codex-execute-codex-integration-script/evidence/_audit/evidence_import_refs_2025_09_11_10_1136_bmj_f7095.json
evidence_import_refs_2025_09_11_10_1136_bmj_l540,IA-clinique-codex-execute-codex-integration-script/evidence/_audit/evidence_import_refs_2025_09_11_10_1136_bmj_l540.json
evidence_import_refs_2025_09_11_10_1136_bmj_l689,IA-clinique-codex-execute-codex-integration-script/evidence/_audit/evidence_import_refs_2025_09_11_10_1136_bmj_l689.json
evidence_import_refs_2025_09_11_10_1136_bmjopen_2023_080646,IA-clinique-codex-execute-codex-integration-script/evidence/_audit/evidence_import_refs_2025_09_11_10_1136_bmjopen_2023_080646.json
evidence_import_refs_2025_09_11_10_1148_radiology_200_3_8756939,IA-clinique-codex-execute-codex-integration-script/evidence/_audit/evidence_import_refs_2025_09_11_10_1148_radiology_200_3_8756939.json
evidence_import_refs_2025_09_11_10_11591_edulearn_v19i1_21209,IA-clinique-codex-execute-codex-integration-script/evidence/_audit/evidence_import_refs_2025_09_11_10_11591_edulearn_v19i1_21209.json
evidence_import_refs_2025_09_11_10_11591_edulearn_v19i1_21853,IA-clinique-codex-execute-codex-integration-script/evidence/_audit/evidence_import_refs_2025_09_11_10_11591_edulearn_v19i1_21853.json
evidence_import_refs_2025_09_11_10_1177_03635465231175151,IA-clinique-codex-execute-codex-integration-script/evidence/_audit/evidence_import_refs_2025_09_11_10_1177_03635465231175151.json
evidence_import_refs_2025_09_11_10_1186_s12891_024_07667_9,IA-clinique-codex-execute-codex-integration-script/evidence/_audit/evidence_import_refs_2025_09_11_10_1186_s12891_024_07667_9.json
evidence_import_refs_2025_09_11_10_1186_s13023_015_0322_x,IA-clinique-codex-execute-codex-integration-script/evidence/_audit/evidence_import_refs_2025_09_11_10_1186_s13023_015_0322_x.json
evidence_import_refs_2025_09_11_10_1196_annals_1351_019,IA-clinique-codex-execute-codex-integration-script/evidence/_audit/evidence_import_refs_2025_09_11_10_1196_annals_1351_019.json
evidence_import_refs_2025_09_11_10_12982_jams_2024_050,IA-clinique-codex-execute-codex-integration-script/evidence/_audit/evidence_import_refs_2025_09_11_10_12982_jams_2024_050.json
evidence_import_refs_2025_09_11_10_1371_journal_pone_0178621,IA-clinique-codex-execute-codex-integration-script/evidence/_audit/evidence_import_refs_2025_09_11_10_1371_journal_pone_0178621.json
evidence_import_refs_2025_09_11_10_1371_journal_pone_0306993,IA-clinique-codex-execute-codex-integration-script/evidence/_audit/evidence_import_refs_2025_09_11_10_1371_journal_pone_0306993.json
evidence_import_refs_2025_09_11_10_20944_preprints202406_1887_v1,IA-clinique-codex-execute-codex-integration-script/evidence/_audit/evidence_import_refs_2025_09_11_10_20944_preprints202406_1887_v1.json
evidence_import_refs_2025_09_11_10_21474_ijar01_18894,IA-clinique-codex-execute-codex-integration-script/evidence/_audit/evidence_import_refs_2025_09_11_10_21474_ijar01_18894.json
evidence_import_refs_2025_09_11_10_2302_kjm_32_59,IA-clinique-codex-execute-codex-integration-script/evidence/_audit/evidence_import_refs_2025_09_11_10_2302_kjm_32_59.json
evidence_import_refs_2025_09_11_10_2519_jospt_2015_5987,IA-clinique-codex-execute-codex-integration-script/evidence/_audit/evidence_import_refs_2025_09_11_10_2519_jospt_2015_5987.json
evidence_import_refs_2025_09_11_10_2519_jospt_2018_0608,IA-clinique-codex-execute-codex-integration-script/evidence/_audit/evidence_import_refs_2025_09_11_10_2519_jospt_2018_0608.json
evidence_import_refs_2025_09_11_10_2519_jospt_2021_0105,IA-clinique-codex-execute-codex-integration-script/evidence/_audit/evidence_import_refs_2025_09_11_10_2519_jospt_2021_0105.json
evidence_import_refs_2025_09_11_10_2519_jospt_2022_10698,IA-clinique-codex-execute-codex-integration-script/evidence/_audit/evidence_import_refs_2025_09_11_10_2519_jospt_2022_10698.json
evidence_import_refs_2025_09_11_10_25259_jassm_26_2024,IA-clinique-codex-execute-codex-integration-script/evidence/_audit/evidence_import_refs_2025_09_11_10_25259_jassm_26_2024.json
evidence_import_refs_2025_09_11_10_3174_ajnr_a4173,IA-clinique-codex-execute-codex-integration-script/evidence/_audit/evidence_import_refs_2025_09_11_10_3174_ajnr_a4173.json
evidence_import_refs_2025_09_11_10_32382_fis_v16i1_725,IA-clinique-codex-execute-codex-integration-script/evidence/_audit/evidence_import_refs_2025_09_11_10_32382_fis_v16i1_725.json
evidence_import_refs_2025_09_11_10_3389_fmed_2024_1433070,IA-clinique-codex-execute-codex-integration-script/evidence/_audit/evidence_import_refs_2025_09_11_10_3389_fmed_2024_1433070.json
evidence_import_refs_2025_09_11_10_3389_fphar_2022_811962,IA-clinique-codex-execute-codex-integration-script/evidence/_audit/evidence_import_refs_2025_09_11_10_3389_fphar_2022_811962.json
evidence_import_refs_2025_09_11_10_3390_jcm12237416,IA-clinique-codex-execute-codex-integration-script/evidence/_audit/evidence_import_refs_2025_09_11_10_3390_jcm12237416.json
evidence_import_refs_2025_09_11_10_3390_jcm13164781,IA-clinique-codex-execute-codex-integration-script/evidence/_audit/evidence_import_refs_2025_09_11_10_3390_jcm13164781.json
evidence_import_refs_2025_09_11_10_3390_life14060754,IA-clinique-codex-execute-codex-integration-script/evidence/_audit/evidence_import_refs_2025_09_11_10_3390_life14060754.json
evidence_import_refs_2025_09_11_10_3390_life14080936,IA-clinique-codex-execute-codex-integration-script/evidence/_audit/evidence_import_refs_2025_09_11_10_3390_life14080936.json
evidence_import_refs_2025_09_11_10_35975_apic_v28i3_2459,IA-clinique-codex-execute-codex-integration-script/evidence/_audit/evidence_import_refs_2025_09_11_10_35975_apic_v28i3_2459.json
evidence_import_refs_2025_09_11_10_4103_sni_sni_359_17,IA-clinique-codex-execute-codex-integration-script/evidence/_audit/evidence_import_refs_2025_09_11_10_4103_sni_sni_359_17.json
evidence_import_refs_2025_09_11_10_4314_tjpr_v23i5_13,IA-clinique-codex-execute-codex-integration-script/evidence/_audit/evidence_import_refs_2025_09_11_10_4314_tjpr_v23i5_13.json
evidence_import_refs_2025_09_11_10_52403_ijrr_20240805,IA-clinique-codex-execute-codex-integration-script/evidence/_audit/evidence_import_refs_2025_09_11_10_52403_ijrr_20240805.json
evidence_import_refs_2025_09_11_10_5705_ss_202021_0387,IA-clinique-codex-execute-codex-integration-script/evidence/_audit/evidence_import_refs_2025_09_11_10_5705_ss_202021_0387.json
evidence_import_refs_2025_09_11_10_57220_jatpb_v3i1_178,IA-clinique-codex-execute-codex-integration-script/evidence/_audit/evidence_import_refs_2025_09_11_10_57220_jatpb_v3i1_178.json
evidence_import_refs_2025_09_11_10_57220_jatpb_v3i1_180,IA-clinique-codex-execute-codex-integration-script/evidence/_audit/evidence_import_refs_2025_09_11_10_57220_jatpb_v3i1_180.json
evidence_import_refs_2025_09_11_10_61919_jhrr_v4i2_1168,IA-clinique-codex-execute-codex-integration-script/evidence/_audit/evidence_import_refs_2025_09_11_10_61919_jhrr_v4i2_1168.json
evidence_import_refs_2025_09_11_10_70065_24ja83_006l011007,IA-clinique-codex-execute-codex-integration-script/evidence/_audit/evidence_import_refs_2025_09_11_10_70065_24ja83_006l011007.json
evidence_import_refs_2025_09_12_10_1001_jama_2020_0734,IA-clinique-codex-execute-codex-integration-script/evidence/_audit/evidence_import_refs_2025_09_12_10_1001_jama_2020_0734.json
evidence_import_refs_2025_09_12_10_1001_jama_293_20_2479,IA-clinique-codex-execute-codex-integration-script/evidence/_audit/evidence_import_refs_2025_09_12_10_1001_jama_293_20_2479.json
evidence_import_refs_2025_09_12_10_1001_jamainternmed_2015_0217,IA-clinique-codex-execute-codex-integration-script/evidence/_audit/evidence_import_refs_2025_09_12_10_1001_jamainternmed_2015_0217.json
evidence_import_refs_2025_09_12_10_1001_jamanetworkopen_2018_0105,IA-clinique-codex-execute-codex-integration-script/evidence/_audit/evidence_import_refs_2025_09_12_10_1001_jamanetworkopen_2018_0105.json
evidence_import_refs_2025_09_12_10_1001_jamanetworkopen_2018_6828,IA-clinique-codex-execute-codex-integration-script/evidence/_audit/evidence_import_refs_2025_09_12_10_1001_jamanetworkopen_2018_6828.json
evidence_import_refs_2025_09_12_10_1001_jamanetworkopen_2023_37001,IA-clinique-codex-execute-codex-integration-script/evidence/_audit/evidence_import_refs_2025_09_12_10_1001_jamanetworkopen_2023_37001.json
evidence_import_refs_2025_09_12_10_1002_14651858_cd000335_pub2,IA-clinique-codex-execute-codex-integration-script/evidence/_audit/evidence_import_refs_2025_09_12_10_1002_14651858_cd000335_pub2.json
evidence_import_refs_2025_09_12_10_1002_14651858_cd000963_pub3,IA-clinique-codex-execute-codex-integration-script/evidence/_audit/evidence_import_refs_2025_09_12_10_1002_14651858_cd000963_pub3.json
evidence_import_refs_2025_09_12_10_1002_14651858_cd003010_pub5,IA-clinique-codex-execute-codex-integration-script/evidence/_audit/evidence_import_refs_2025_09_12_10_1002_14651858_cd003010_pub5.json
evidence_import_refs_2025_09_12_10_1002_14651858_cd004250_pub4,IA-clinique-codex-execute-codex-integration-script/evidence/_audit/evidence_import_refs_2025_09_12_10_1002_14651858_cd004250_pub4.json
evidence_import_refs_2025_09_12_10_1002_14651858_cd007612_pub2,IA-clinique-codex-execute-codex-integration-script/evidence/_audit/evidence_import_refs_2025_09_12_10_1002_14651858_cd007612_pub2.json
evidence_import_refs_2025_09_12_10_1002_14651858_cd009790_pub2,IA-clinique-codex-execute-codex-integration-script/evidence/_audit/evidence_import_refs_2025_09_12_10_1002_14651858_cd009790_pub2.json
evidence_import_refs_2025_09_12_10_1002_acr_22744,IA-clinique-codex-execute-codex-integration-script/evidence/_audit/evidence_import_refs_2025_09_12_10_1002_acr_22744.json
evidence_import_refs_2025_09_12_10_1002_art_23563,IA-clinique-codex-execute-codex-integration-script/evidence/_audit/evidence_import_refs_2025_09_12_10_1002_art_23563.json
evidence_import_refs_2025_09_12_10_1002_ejp_1395,IA-clinique-codex-execute-codex-integration-script/evidence/_audit/evidence_import_refs_2025_09_12_10_1002_ejp_1395.json
evidence_import_refs_2025_09_12_10_1002_ejp_1782,IA-clinique-codex-execute-codex-integration-script/evidence/_audit/evidence_import_refs_2025_09_12_10_1002_ejp_1782.json
evidence_import_refs_2025_09_12_10_1002_ejp_70090,IA-clinique-codex-execute-codex-integration-script/evidence/_audit/evidence_import_refs_2025_09_12_10_1002_ejp_70090.json
evidence_import_refs_2025_09_12_10_1002_ijgo_14045,IA-clinique-codex-execute-codex-integration-script/evidence/_audit/evidence_import_refs_2025_09_12_10_1002_ijgo_14045.json
evidence_import_refs_2025_09_12_10_1002_j_1532_2149_2011_00023_x,IA-clinique-codex-execute-codex-integration-script/evidence/_audit/evidence_import_refs_2025_09_12_10_1002_j_1532_2149_2011_00023_x.json
evidence_import_refs_2025_09_12_10_1002_jor_20415,IA-clinique-codex-execute-codex-integration-script/evidence/_audit/evidence_import_refs_2025_09_12_10_1002_jor_20415.json
evidence_import_refs_2025_09_12_10_1002_mus_10549,IA-clinique-codex-execute-codex-integration-script/evidence/_audit/evidence_import_refs_2025_09_12_10_1002_mus_10549.json
evidence_import_refs_2025_09_12_10_1002_nop2_1437,IA-clinique-codex-execute-codex-integration-script/evidence/_audit/evidence_import_refs_2025_09_12_10_1002_nop2_1437.json
evidence_import_refs_2025_09_12_10_1002_nur_4770080119,IA-clinique-codex-execute-codex-integration-script/evidence/_audit/evidence_import_refs_2025_09_12_10_1002_nur_4770080119.json
evidence_import_refs_2025_09_12_10_1002_pri_1648,IA-clinique-codex-execute-codex-integration-script/evidence/_audit/evidence_import_refs_2025_09_12_10_1002_pri_1648.json
evidence_import_refs_2025_09_12_10_1002_pri_2118,IA-clinique-codex-execute-codex-integration-script/evidence/_audit/evidence_import_refs_2025_09_12_10_1002_pri_2118.json
evidence_import_refs_2025_09_12_10_1007_bf00268043,IA-clinique-codex-execute-codex-integration-script/evidence/_audit/evidence_import_refs_2025_09_12_10_1007_bf00268043.json
evidence_import_refs_2025_09_12_10_1007_bf00268173,IA-clinique-codex-execute-codex-integration-script/evidence/_audit/evidence_import_refs_2025_09_12_10_1007_bf00268173.json
evidence_import_refs_2025_09_12_10_1007_bf00438677,IA-clinique-codex-execute-codex-integration-script/evidence/_audit/evidence_import_refs_2025_09_12_10_1007_bf00438677.json
evidence_import_refs_2025_09_12_10_1007_bf01742729,IA-clinique-codex-execute-codex-integration-script/evidence/_audit/evidence_import_refs_2025_09_12_10_1007_bf01742729.json
evidence_import_refs_2025_09_12_10_1007_s00038_019_01211_6,IA-clinique-codex-execute-codex-integration-script/evidence/_audit/evidence_import_refs_2025_09_12_10_1007_s00038_019_01211_6.json
evidence_import_refs_2025_09_12_10_1007_s00192_019_03937_6,IA-clinique-codex-execute-codex-integration-script/evidence/_audit/evidence_import_refs_2025_09_12_10_1007_s00192_019_03937_6.json
evidence_import_refs_2025_09_12_10_1007_s00404_011_1919_5,IA-clinique-codex-execute-codex-integration-script/evidence/_audit/evidence_import_refs_2025_09_12_10_1007_s00404_011_1919_5.json
evidence_import_refs_2025_09_12_10_1007_s00421_017_3708_8,IA-clinique-codex-execute-codex-integration-script/evidence/_audit/evidence_import_refs_2025_09_12_10_1007_s00421_017_3708_8.json
evidence_import_refs_2025_09_12_10_1007_s00421_019_04159_w,IA-clinique-codex-execute-codex-integration-script/evidence/_audit/evidence_import_refs_2025_09_12_10_1007_s00421_019_04159_w.json
evidence_import_refs_2025_09_12_10_1007_s00586_006_0117_9,IA-clinique-codex-execute-codex-integration-script/evidence/_audit/evidence_import_refs_2025_09_12_10_1007_s00586_006_0117_9.json
evidence_import_refs_2025_09_12_10_1007_s00586_012_2297_9,IA-clinique-codex-execute-codex-integration-script/evidence/_audit/evidence_import_refs_2025_09_12_10_1007_s00586_012_2297_9.json
evidence_import_refs_2025_09_12_10_1007_s00586_013_2844_z,IA-clinique-codex-execute-codex-integration-script/evidence/_audit/evidence_import_refs_2025_09_12_10_1007_s00586_013_2844_z.json
evidence_import_refs_2025_09_12_10_1007_s00586_017_5121_8,IA-clinique-codex-execute-codex-integration-script/evidence/_audit/evidence_import_refs_2025_09_12_10_1007_s00586_017_5121_8.json
evidence_import_refs_2025_09_12_10_1007_s00586_018_5673_2,IA-clinique-codex-execute-codex-integration-script/evidence/_audit/evidence_import_refs_2025_09_12_10_1007_s00586_018_5673_2.json
evidence_import_refs_2025_09_12_10_1007_s00586_018_5742_6,IA-clinique-codex-execute-codex-integration-script/evidence/_audit/evidence_import_refs_2025_09_12_10_1007_s00586_018_5742_6.json
evidence_import_refs_2025_09_12_10_1007_s10926_012_9404_y,IA-clinique-codex-execute-codex-integration-script/evidence/_audit/evidence_import_refs_2025_09_12_10_1007_s10926_012_9404_y.json
evidence_import_refs_2025_09_12_10_1007_s10926_020_09879_x,IA-clinique-codex-execute-codex-integration-script/evidence/_audit/evidence_import_refs_2025_09_12_10_1007_s10926_020_09879_x.json
evidence_import_refs_2025_09_12_10_1007_s40279_013_0019_z,IA-clinique-codex-execute-codex-integration-script/evidence/_audit/evidence_import_refs_2025_09_12_10_1007_s40279_013_0019_z.json
evidence_import_refs_2025_09_12_10_1007_s43465_020_00319_9,IA-clinique-codex-execute-codex-integration-script/evidence/_audit/evidence_import_refs_2025_09_12_10_1007_s43465_020_00319_9.json
evidence_import_refs_2025_09_12_10_1016_j_amjmed_2016_04_022,IA-clinique-codex-execute-codex-integration-script/evidence/_audit/evidence_import_refs_2025_09_12_10_1016_j_amjmed_2016_04_022.json
evidence_import_refs_2025_09_12_10_1016_j_apmr_2008_06_022,IA-clinique-codex-execute-codex-integration-script/evidence/_audit/evidence_import_refs_2025_09_12_10_1016_j_apmr_2008_06_022.json
evidence_import_refs_2025_09_12_10_1016_j_apmr_2008_11_011,IA-clinique-codex-execute-codex-integration-script/evidence/_audit/evidence_import_refs_2025_09_12_10_1016_j_apmr_2008_11_011.json
evidence_import_refs_2025_09_12_10_1016_j_apmr_2015_10_009,IA-clinique-codex-execute-codex-integration-script/evidence/_audit/evidence_import_refs_2025_09_12_10_1016_j_apmr_2015_10_009.json
evidence_import_refs_2025_09_12_10_1016_j_arthro_2022_08_005,IA-clinique-codex-execute-codex-integration-script/evidence/_audit/evidence_import_refs_2025_09_12_10_1016_j_arthro_2022_08_005.json
evidence_import_refs_2025_09_12_10_1016_j_berh_2009_11_003,IA-clinique-codex-execute-codex-integration-script/evidence/_audit/evidence_import_refs_2025_09_12_10_1016_j_berh_2009_11_003.json
evidence_import_refs_2025_09_12_10_1016_j_berh_2013_10_005,IA-clinique-codex-execute-codex-integration-script/evidence/_audit/evidence_import_refs_2025_09_12_10_1016_j_berh_2013_10_005.json
evidence_import_refs_2025_09_12_10_1016_j_bjpt_2022_100395,IA-clinique-codex-execute-codex-integration-script/evidence/_audit/evidence_import_refs_2025_09_12_10_1016_j_bjpt_2022_100395.json
evidence_import_refs_2025_09_12_10_1016_j_clch_2008_10_003,IA-clinique-codex-execute-codex-integration-script/evidence/_audit/evidence_import_refs_2025_09_12_10_1016_j_clch_2008_10_003.json
evidence_import_refs_2025_09_12_10_1016_j_clinbiomech_2009_10_001,IA-clinique-codex-execute-codex-integration-script/evidence/_audit/evidence_import_refs_2025_09_12_10_1016_j_clinbiomech_2009_10_001.json
evidence_import_refs_2025_09_12_10_1016_j_cpr_2024_102449,IA-clinique-codex-execute-codex-integration-script/evidence/_audit/evidence_import_refs_2025_09_12_10_1016_j_cpr_2024_102449.json
evidence_import_refs_2025_09_12_10_1016_j_ctim_2008_02_006,IA-clinique-codex-execute-codex-integration-script/evidence/_audit/evidence_import_refs_2025_09_12_10_1016_j_ctim_2008_02_006.json
evidence_import_refs_2025_09_12_10_1016_j_ejpain_2003_09_002,IA-clinique-codex-execute-codex-integration-script/evidence/_audit/evidence_import_refs_2025_09_12_10_1016_j_ejpain_2003_09_002.json
evidence_import_refs_2025_09_12_10_1016_j_ejpain_2010_09_011,IA-clinique-codex-execute-codex-integration-script/evidence/_audit/evidence_import_refs_2025_09_12_10_1016_j_ejpain_2010_09_011.json
evidence_import_refs_2025_09_12_10_1016_j_ijgo_2015_04_048,IA-clinique-codex-execute-codex-integration-script/evidence/_audit/evidence_import_refs_2025_09_12_10_1016_j_ijgo_2015_04_048.json
evidence_import_refs_2025_09_12_10_1016_j_jbmt_2011_02_003,IA-clinique-codex-execute-codex-integration-script/evidence/_audit/evidence_import_refs_2025_09_12_10_1016_j_jbmt_2011_02_003.json
evidence_import_refs_2025_09_12_10_1016_j_jbmt_2015_02_003,IA-clinique-codex-execute-codex-integration-script/evidence/_audit/evidence_import_refs_2025_09_12_10_1016_j_jbmt_2015_02_003.json
evidence_import_refs_2025_09_12_10_1016_j_jbmt_2020_06_004,IA-clinique-codex-execute-codex-integration-script/evidence/_audit/evidence_import_refs_2025_09_12_10_1016_j_jbmt_2020_06_004.json
evidence_import_refs_2025_09_12_10_1016_j_jclinepi_2011_01_012,IA-clinique-codex-execute-codex-integration-script/evidence/_audit/evidence_import_refs_2025_09_12_10_1016_j_jclinepi_2011_01_012.json
evidence_import_refs_2025_09_12_10_1016_j_jclinepi_2024_111593,IA-clinique-codex-execute-codex-integration-script/evidence/_audit/evidence_import_refs_2025_09_12_10_1016_j_jclinepi_2024_111593.json
evidence_import_refs_2025_09_12_10_1016_j_jcm_2009_12_004,IA-clinique-codex-execute-codex-integration-script/evidence/_audit/evidence_import_refs_2025_09_12_10_1016_j_jcm_2009_12_004.json
evidence_import_refs_2025_09_12_10_1016_j_jcm_2010_09_004,IA-clinique-codex-execute-codex-integration-script/evidence/_audit/evidence_import_refs_2025_09_12_10_1016_j_jcm_2010_09_004.json
evidence_import_refs_2025_09_12_10_1016_j_jcm_2010_10_006,IA-clinique-codex-execute-codex-integration-script/evidence/_audit/evidence_import_refs_2025_09_12_10_1016_j_jcm_2010_10_006.json
evidence_import_refs_2025_09_12_10_1016_j_jcm_2011_05_001,IA-clinique-codex-execute-codex-integration-script/evidence/_audit/evidence_import_refs_2025_09_12_10_1016_j_jcm_2011_05_001.json
evidence_import_refs_2025_09_12_10_1016_j_jcm_2017_11_004,IA-clinique-codex-execute-codex-integration-script/evidence/_audit/evidence_import_refs_2025_09_12_10_1016_j_jcm_2017_11_004.json
evidence_import_refs_2025_09_12_10_1016_j_jcm_2019_12_001,IA-clinique-codex-execute-codex-integration-script/evidence/_audit/evidence_import_refs_2025_09_12_10_1016_j_jcm_2019_12_001.json
evidence_import_refs_2025_09_12_10_1016_j_jhsa_2010_09_023,IA-clinique-codex-execute-codex-integration-script/evidence/_audit/evidence_import_refs_2025_09_12_10_1016_j_jhsa_2010_09_023.json
evidence_import_refs_2025_09_12_10_1016_j_jht_2019_02_001,IA-clinique-codex-execute-codex-integration-script/evidence/_audit/evidence_import_refs_2025_09_12_10_1016_j_jht_2019_02_001.json
evidence_import_refs_2025_09_12_10_1016_j_jmpt_2004_08_001,IA-clinique-codex-execute-codex-integration-script/evidence/_audit/evidence_import_refs_2025_09_12_10_1016_j_jmpt_2004_08_001.json
evidence_import_refs_2025_09_12_10_1016_j_jmpt_2006_01_010,IA-clinique-codex-execute-codex-integration-script/evidence/_audit/evidence_import_refs_2025_09_12_10_1016_j_jmpt_2006_01_010.json
evidence_import_refs_2025_09_12_10_1016_j_jmpt_2006_06_017,IA-clinique-codex-execute-codex-integration-script/evidence/_audit/evidence_import_refs_2025_09_12_10_1016_j_jmpt_2006_06_017.json
evidence_import_refs_2025_09_12_10_1016_j_jmpt_2010_08_004,IA-clinique-codex-execute-codex-integration-script/evidence/_audit/evidence_import_refs_2025_09_12_10_1016_j_jmpt_2010_08_004.json
evidence_import_refs_2025_09_12_10_1016_j_jmpt_2014_09_008,IA-clinique-codex-execute-codex-integration-script/evidence/_audit/evidence_import_refs_2025_09_12_10_1016_j_jmpt_2014_09_008.json
evidence_import_refs_2025_09_12_10_1016_j_jmpt_2019_08_002,IA-clinique-codex-execute-codex-integration-script/evidence/_audit/evidence_import_refs_2025_09_12_10_1016_j_jmpt_2019_08_002.json
evidence_import_refs_2025_09_12_10_1016_j_jpain_2008_09_004,IA-clinique-codex-execute-codex-integration-script/evidence/_audit/evidence_import_refs_2025_09_12_10_1016_j_jpain_2008_09_004.json
evidence_import_refs_2025_09_12_10_1016_j_jpain_2009_02_002,IA-clinique-codex-execute-codex-integration-script/evidence/_audit/evidence_import_refs_2025_09_12_10_1016_j_jpain_2009_02_002.json
evidence_import_refs_2025_09_12_10_1016_j_jpain_2021_03_147,IA-clinique-codex-execute-codex-integration-script/evidence/_audit/evidence_import_refs_2025_09_12_10_1016_j_jpain_2021_03_147.json
evidence_import_refs_2025_09_12_10_1016_j_jpain_2024_02_002,IA-clinique-codex-execute-codex-integration-script/evidence/_audit/evidence_import_refs_2025_09_12_10_1016_j_jpain_2024_02_002.json
evidence_import_refs_2025_09_12_10_1016_j_jphys_2018_02_009,IA-clinique-codex-execute-codex-integration-script/evidence/_audit/evidence_import_refs_2025_09_12_10_1016_j_jphys_2018_02_009.json
evidence_import_refs_2025_09_12_10_1016_j_jphys_2022_03_009,IA-clinique-codex-execute-codex-integration-script/evidence/_audit/evidence_import_refs_2025_09_12_10_1016_j_jphys_2022_03_009.json
evidence_import_refs_2025_09_12_10_1016_j_jse_2018_04_004,IA-clinique-codex-execute-codex-integration-script/evidence/_audit/evidence_import_refs_2025_09_12_10_1016_j_jse_2018_04_004.json
evidence_import_refs_2025_09_12_10_1016_j_jse_2019_04_001,IA-clinique-codex-execute-codex-integration-script/evidence/_audit/evidence_import_refs_2025_09_12_10_1016_j_jse_2019_04_001.json
evidence_import_refs_2025_09_12_10_1016_j_math_2006_02_004,IA-clinique-codex-execute-codex-integration-script/evidence/_audit/evidence_import_refs_2025_09_12_10_1016_j_math_2006_02_004.json
evidence_import_refs_2025_09_12_10_1016_j_math_2006_06_011,IA-clinique-codex-execute-codex-integration-script/evidence/_audit/evidence_import_refs_2025_09_12_10_1016_j_math_2006_06_011.json
evidence_import_refs_2025_09_12_10_1016_j_math_2007_05_009,IA-clinique-codex-execute-codex-integration-script/evidence/_audit/evidence_import_refs_2025_09_12_10_1016_j_math_2007_05_009.json
evidence_import_refs_2025_09_12_10_1016_j_math_2008_04_006,IA-clinique-codex-execute-codex-integration-script/evidence/_audit/evidence_import_refs_2025_09_12_10_1016_j_math_2008_04_006.json
evidence_import_refs_2025_09_12_10_1016_j_math_2008_09_001,IA-clinique-codex-execute-codex-integration-script/evidence/_audit/evidence_import_refs_2025_09_12_10_1016_j_math_2008_09_001.json
evidence_import_refs_2025_09_12_10_1016_j_math_2012_03_013,IA-clinique-codex-execute-codex-integration-script/evidence/_audit/evidence_import_refs_2025_09_12_10_1016_j_math_2012_03_013.json
evidence_import_refs_2025_09_12_10_1016_j_math_2013_07_005,IA-clinique-codex-execute-codex-integration-script/evidence/_audit/evidence_import_refs_2025_09_12_10_1016_j_math_2013_07_005.json
evidence_import_refs_2025_09_12_10_1016_j_math_2014_07_003,IA-clinique-codex-execute-codex-integration-script/evidence/_audit/evidence_import_refs_2025_09_12_10_1016_j_math_2014_07_003.json
evidence_import_refs_2025_09_12_10_1016_j_math_2015_04_015,IA-clinique-codex-execute-codex-integration-script/evidence/_audit/evidence_import_refs_2025_09_12_10_1016_j_math_2015_04_015.json
evidence_import_refs_2025_09_12_10_1016_j_msksp_2017_03_003,IA-clinique-codex-execute-codex-integration-script/evidence/_audit/evidence_import_refs_2025_09_12_10_1016_j_msksp_2017_03_003.json
evidence_import_refs_2025_09_12_10_1016_j_msksp_2018_03_006,IA-clinique-codex-execute-codex-integration-script/evidence/_audit/evidence_import_refs_2025_09_12_10_1016_j_msksp_2018_03_006.json
evidence_import_refs_2025_09_12_10_1016_j_msksp_2018_09_006,IA-clinique-codex-execute-codex-integration-script/evidence/_audit/evidence_import_refs_2025_09_12_10_1016_j_msksp_2018_09_006.json
evidence_import_refs_2025_09_12_10_1016_j_msksp_2019_03_009,IA-clinique-codex-execute-codex-integration-script/evidence/_audit/evidence_import_refs_2025_09_12_10_1016_j_msksp_2019_03_009.json
evidence_import_refs_2025_09_12_10_1016_j_msksp_2021_102386,IA-clinique-codex-execute-codex-integration-script/evidence/_audit/evidence_import_refs_2025_09_12_10_1016_j_msksp_2021_102386.json
evidence_import_refs_2025_09_12_10_1016_j_msksp_2022_102597,IA-clinique-codex-execute-codex-integration-script/evidence/_audit/evidence_import_refs_2025_09_12_10_1016_j_msksp_2022_102597.json
evidence_import_refs_2025_09_12_10_1016_j_msksp_2022_102663,IA-clinique-codex-execute-codex-integration-script/evidence/_audit/evidence_import_refs_2025_09_12_10_1016_j_msksp_2022_102663.json
evidence_import_refs_2025_09_12_10_1016_j_msksp_2023_102722,IA-clinique-codex-execute-codex-integration-script/evidence/_audit/evidence_import_refs_2025_09_12_10_1016_j_msksp_2023_102722.json
evidence_import_refs_2025_09_12_10_1016_j_msksp_2024_103132,IA-clinique-codex-execute-codex-integration-script/evidence/_audit/evidence_import_refs_2025_09_12_10_1016_j_msksp_2024_103132.json
evidence_import_refs_2025_09_12_10_1016_j_ncl_2015_04_010,IA-clinique-codex-execute-codex-integration-script/evidence/_audit/evidence_import_refs_2025_09_12_10_1016_j_ncl_2015_04_010.json
evidence_import_refs_2025_09_12_10_1016_j_neubiorev_2016_09_015,IA-clinique-codex-execute-codex-integration-script/evidence/_audit/evidence_import_refs_2025_09_12_10_1016_j_neubiorev_2016_09_015.json
evidence_import_refs_2025_09_12_10_1016_j_neurol_2021_07_006,IA-clinique-codex-execute-codex-integration-script/evidence/_audit/evidence_import_refs_2025_09_12_10_1016_j_neurol_2021_07_006.json
evidence_import_refs_2025_09_12_10_1016_j_neurol_2021_07_009,IA-clinique-codex-execute-codex-integration-script/evidence/_audit/evidence_import_refs_2025_09_12_10_1016_j_neurol_2021_07_009.json
evidence_import_refs_2025_09_12_10_1016_j_nrleng_2017_12_005,IA-clinique-codex-execute-codex-integration-script/evidence/_audit/evidence_import_refs_2025_09_12_10_1016_j_nrleng_2017_12_005.json
evidence_import_refs_2025_09_12_10_1016_j_pain_2006_05_013,IA-clinique-codex-execute-codex-integration-script/evidence/_audit/evidence_import_refs_2025_09_12_10_1016_j_pain_2006_05_013.json
evidence_import_refs_2025_09_12_10_1016_j_pain_2008_02_019,IA-clinique-codex-execute-codex-integration-script/evidence/_audit/evidence_import_refs_2025_09_12_10_1016_j_pain_2008_02_019.json
evidence_import_refs_2025_09_12_10_1016_j_pain_2009_08_032,IA-clinique-codex-execute-codex-integration-script/evidence/_audit/evidence_import_refs_2025_09_12_10_1016_j_pain_2009_08_032.json
evidence_import_refs_2025_09_12_10_1016_j_pain_2009_12_014,IA-clinique-codex-execute-codex-integration-script/evidence/_audit/evidence_import_refs_2025_09_12_10_1016_j_pain_2009_12_014.json
evidence_import_refs_2025_09_12_10_1016_j_pain_2010_09_015,IA-clinique-codex-execute-codex-integration-script/evidence/_audit/evidence_import_refs_2025_09_12_10_1016_j_pain_2010_09_015.json
evidence_import_refs_2025_09_12_10_1016_j_pain_2013_05_041,IA-clinique-codex-execute-codex-integration-script/evidence/_audit/evidence_import_refs_2025_09_12_10_1016_j_pain_2013_05_041.json
evidence_import_refs_2025_09_12_10_1016_j_pain_2013_07_001,IA-clinique-codex-execute-codex-integration-script/evidence/_audit/evidence_import_refs_2025_09_12_10_1016_j_pain_2013_07_001.json
evidence_import_refs_2025_09_12_10_1016_j_ptsp_2012_03_013,IA-clinique-codex-execute-codex-integration-script/evidence/_audit/evidence_import_refs_2025_09_12_10_1016_j_ptsp_2012_03_013.json
evidence_import_refs_2025_09_12_10_1016_j_rehab_2009_07_035,IA-clinique-codex-execute-codex-integration-script/evidence/_audit/evidence_import_refs_2025_09_12_10_1016_j_rehab_2009_07_035.json
evidence_import_refs_2025_09_12_10_1016_j_rehab_2022_101631,IA-clinique-codex-execute-codex-integration-script/evidence/_audit/evidence_import_refs_2025_09_12_10_1016_j_rehab_2022_101631.json
evidence_import_refs_2025_09_12_10_1016_j_rsma_2024_103638,IA-clinique-codex-execute-codex-integration-script/evidence/_audit/evidence_import_refs_2025_09_12_10_1016_j_rsma_2024_103638.json
evidence_import_refs_2025_09_12_10_1016_j_seppur_2024_128370,IA-clinique-codex-execute-codex-integration-script/evidence/_audit/evidence_import_refs_2025_09_12_10_1016_j_seppur_2024_128370.json
evidence_import_refs_2025_09_12_10_1016_j_spinee_2004_11_007,IA-clinique-codex-execute-codex-integration-script/evidence/_audit/evidence_import_refs_2025_09_12_10_1016_j_spinee_2004_11_007.json
evidence_import_refs_2025_09_12_10_1016_j_spinee_2010_06_005,IA-clinique-codex-execute-codex-integration-script/evidence/_audit/evidence_import_refs_2025_09_12_10_1016_j_spinee_2010_06_005.json
evidence_import_refs_2025_09_12_10_1016_j_spinee_2010_10_023,IA-clinique-codex-execute-codex-integration-script/evidence/_audit/evidence_import_refs_2025_09_12_10_1016_j_spinee_2010_10_023.json
evidence_import_refs_2025_09_12_10_1016_j_spinee_2012_10_007,IA-clinique-codex-execute-codex-integration-script/evidence/_audit/evidence_import_refs_2025_09_12_10_1016_j_spinee_2012_10_007.json
evidence_import_refs_2025_09_12_10_1016_j_spinee_2013_04_021,IA-clinique-codex-execute-codex-integration-script/evidence/_audit/evidence_import_refs_2025_09_12_10_1016_j_spinee_2013_04_021.json
evidence_import_refs_2025_09_12_10_1016_j_spinee_2013_08_027,IA-clinique-codex-execute-codex-integration-script/evidence/_audit/evidence_import_refs_2025_09_12_10_1016_j_spinee_2013_08_027.json
evidence_import_refs_2025_09_12_10_1016_j_spinee_2013_09_036,IA-clinique-codex-execute-codex-integration-script/evidence/_audit/evidence_import_refs_2025_09_12_10_1016_j_spinee_2013_09_036.json
evidence_import_refs_2025_09_12_10_1016_j_spinee_2014_03_003,IA-clinique-codex-execute-codex-integration-script/evidence/_audit/evidence_import_refs_2025_09_12_10_1016_j_spinee_2014_03_003.json
evidence_import_refs_2025_09_12_10_1016_j_spinee_2015_10_037,IA-clinique-codex-execute-codex-integration-script/evidence/_audit/evidence_import_refs_2025_09_12_10_1016_j_spinee_2015_10_037.json
evidence_import_refs_2025_09_12_10_1016_j_spinee_2019_01_006,IA-clinique-codex-execute-codex-integration-script/evidence/_audit/evidence_import_refs_2025_09_12_10_1016_j_spinee_2019_01_006.json
evidence_import_refs_2025_09_12_10_1016_s0140_6736_04_17670_8,IA-clinique-codex-execute-codex-integration-script/evidence/_audit/evidence_import_refs_2025_09_12_10_1016_s0140_6736_04_17670_8.json
evidence_import_refs_2025_09_12_10_1016_s0140_6736_14_60457_8,IA-clinique-codex-execute-codex-integration-script/evidence/_audit/evidence_import_refs_2025_09_12_10_1016_s0140_6736_14_60457_8.json
evidence_import_refs_2025_09_12_10_1016_s0140_6736_16_31460_x,IA-clinique-codex-execute-codex-integration-script/evidence/_audit/evidence_import_refs_2025_09_12_10_1016_s0140_6736_16_31460_x.json
evidence_import_refs_2025_09_12_10_1016_s0140_6736_16_32586_7,IA-clinique-codex-execute-codex-integration-script/evidence/_audit/evidence_import_refs_2025_09_12_10_1016_s0140_6736_16_32586_7.json
evidence_import_refs_2025_09_12_10_1016_s0140_6736_18_30489_6,IA-clinique-codex-execute-codex-integration-script/evidence/_audit/evidence_import_refs_2025_09_12_10_1016_s0140_6736_18_30489_6.json
evidence_import_refs_2025_09_12_10_1016_s0147_0272_00_90001_1,IA-clinique-codex-execute-codex-integration-script/evidence/_audit/evidence_import_refs_2025_09_12_10_1016_s0147_0272_00_90001_1.json
evidence_import_refs_2025_09_12_10_1016_s0168_6054_02_00351_3,IA-clinique-codex-execute-codex-integration-script/evidence/_audit/evidence_import_refs_2025_09_12_10_1016_s0168_6054_02_00351_3.json
evidence_import_refs_2025_09_12_10_1016_s0363_5023_05_80426_5,IA-clinique-codex-execute-codex-integration-script/evidence/_audit/evidence_import_refs_2025_09_12_10_1016_s0363_5023_05_80426_5.json
evidence_import_refs_2025_09_12_10_1016_s1474_4422_13_70107_8,IA-clinique-codex-execute-codex-integration-script/evidence/_audit/evidence_import_refs_2025_09_12_10_1016_s1474_4422_13_70107_8.json
evidence_import_refs_2025_09_12_10_1038_ncprheum0245,IA-clinique-codex-execute-codex-integration-script/evidence/_audit/evidence_import_refs_2025_09_12_10_1038_ncprheum0245.json
evidence_import_refs_2025_09_12_10_1038_s41598_017_09429_1,IA-clinique-codex-execute-codex-integration-script/evidence/_audit/evidence_import_refs_2025_09_12_10_1038_s41598_017_09429_1.json
evidence_import_refs_2025_09_12_10_1038_s41598_020_76704_z,IA-clinique-codex-execute-codex-integration-script/evidence/_audit/evidence_import_refs_2025_09_12_10_1038_s41598_020_76704_z.json
evidence_import_refs_2025_09_12_10_1038_s41598_024_68192_2,IA-clinique-codex-execute-codex-integration-script/evidence/_audit/evidence_import_refs_2025_09_12_10_1038_s41598_024_68192_2.json
evidence_import_refs_2025_09_12_10_1055_s_0039_3402476,IA-clinique-codex-execute-codex-integration-script/evidence/_audit/evidence_import_refs_2025_09_12_10_1055_s_0039_3402476.json
evidence_import_refs_2025_09_12_10_1056_nejm199502093320602,IA-clinique-codex-execute-codex-integration-script/evidence/_audit/evidence_import_refs_2025_09_12_10_1056_nejm199502093320602.json
evidence_import_refs_2025_09_12_10_1056_nejm199809033391006,IA-clinique-codex-execute-codex-integration-script/evidence/_audit/evidence_import_refs_2025_09_12_10_1056_nejm199809033391006.json
evidence_import_refs_2025_09_12_10_1056_nejmra052116,IA-clinique-codex-execute-codex-integration-script/evidence/_audit/evidence_import_refs_2025_09_12_10_1056_nejmra052116.json
evidence_import_refs_2025_09_12_10_1067_mmt_2001_116417,IA-clinique-codex-execute-codex-integration-script/evidence/_audit/evidence_import_refs_2025_09_12_10_1067_mmt_2001_116417.json
evidence_import_refs_2025_09_12_10_1067_mmt_2002_126127,IA-clinique-codex-execute-codex-integration-script/evidence/_audit/evidence_import_refs_2025_09_12_10_1067_mmt_2002_126127.json
evidence_import_refs_2025_09_12_10_1080_02640414_2017_1340660,IA-clinique-codex-execute-codex-integration-script/evidence/_audit/evidence_import_refs_2025_09_12_10_1080_02640414_2017_1340660.json
evidence_import_refs_2025_09_12_10_1080_07399332_2012_655385,IA-clinique-codex-execute-codex-integration-script/evidence/_audit/evidence_import_refs_2025_09_12_10_1080_07399332_2012_655385.json
evidence_import_refs_2025_09_12_10_1080_09593985_2018_1490839,IA-clinique-codex-execute-codex-integration-script/evidence/_audit/evidence_import_refs_2025_09_12_10_1080_09593985_2018_1490839.json
evidence_import_refs_2025_09_12_10_1080_09593985_2019_1710881,IA-clinique-codex-execute-codex-integration-script/evidence/_audit/evidence_import_refs_2025_09_12_10_1080_09593985_2019_1710881.json
evidence_import_refs_2025_09_12_10_1080_09638288_2020_1799248,IA-clinique-codex-execute-codex-integration-script/evidence/_audit/evidence_import_refs_2025_09_12_10_1080_09638288_2020_1799248.json
evidence_import_refs_2025_09_12_10_1080_09638288_2022_2114552,IA-clinique-codex-execute-codex-integration-script/evidence/_audit/evidence_import_refs_2025_09_12_10_1080_09638288_2022_2114552.json
evidence_import_refs_2025_09_12_10_1080_10255842_2020_1812844,IA-clinique-codex-execute-codex-integration-script/evidence/_audit/evidence_import_refs_2025_09_12_10_1080_10255842_2020_1812844.json
evidence_import_refs_2025_09_12_10_1080_10669817_2019_1661706,IA-clinique-codex-execute-codex-integration-script/evidence/_audit/evidence_import_refs_2025_09_12_10_1080_10669817_2019_1661706.json
evidence_import_refs_2025_09_12_10_1080_10669817_2019_1676969,IA-clinique-codex-execute-codex-integration-script/evidence/_audit/evidence_import_refs_2025_09_12_10_1080_10669817_2019_1676969.json
evidence_import_refs_2025_09_12_10_1080_10669817_2019_1676970,IA-clinique-codex-execute-codex-integration-script/evidence/_audit/evidence_import_refs_2025_09_12_10_1080_10669817_2019_1676970.json
evidence_import_refs_2025_09_12_10_1080_10669817_2022_2030625,IA-clinique-codex-execute-codex-integration-script/evidence/_audit/evidence_import_refs_2025_09_12_10_1080_10669817_2022_2030625.json
evidence_import_refs_2025_09_12_10_1080_14767058_2018_1512574,IA-clinique-codex-execute-codex-integration-script/evidence/_audit/evidence_import_refs_2025_09_12_10_1080_14767058_2018_1512574.json
evidence_import_refs_2025_09_12_10_1080_24733938_2019_1705996,IA-clinique-codex-execute-codex-integration-script/evidence/_audit/evidence_import_refs_2025_09_12_10_1080_24733938_2019_1705996.json
evidence_import_refs_2025_09_12_10_1093_cercor_bhs166,IA-clinique-codex-execute-codex-integration-script/evidence/_audit/evidence_import_refs_2025_09_12_10_1093_cercor_bhs166.json
evidence_import_refs_2025_09_12_10_1093_cercor_bhw104,IA-clinique-codex-execute-codex-integration-script/evidence/_audit/evidence_import_refs_2025_09_12_10_1093_cercor_bhw104.json
evidence_import_refs_2025_09_12_10_1093_ecam_neh138,IA-clinique-codex-execute-codex-integration-script/evidence/_audit/evidence_import_refs_2025_09_12_10_1093_ecam_neh138.json
evidence_import_refs_2025_09_12_10_1093_jpepsy_jsj064,IA-clinique-codex-execute-codex-integration-script/evidence/_audit/evidence_import_refs_2025_09_12_10_1093_jpepsy_jsj064.json
evidence_import_refs_2025_09_12_10_1093_milmed_usae080,IA-clinique-codex-execute-codex-integration-script/evidence/_audit/evidence_import_refs_2025_09_12_10_1093_milmed_usae080.json
evidence_import_refs_2025_09_12_10_1093_nutrit_nuae058,IA-clinique-codex-execute-codex-integration-script/evidence/_audit/evidence_import_refs_2025_09_12_10_1093_nutrit_nuae058.json
evidence_import_refs_2025_09_12_10_1093_occmed_kqg072,IA-clinique-codex-execute-codex-integration-script/evidence/_audit/evidence_import_refs_2025_09_12_10_1093_occmed_kqg072.json
evidence_import_refs_2025_09_12_10_1093_pm_pnx019,IA-clinique-codex-execute-codex-integration-script/evidence/_audit/evidence_import_refs_2025_09_12_10_1093_pm_pnx019.json
evidence_import_refs_2025_09_12_10_1093_ptj_pzaa028,IA-clinique-codex-execute-codex-integration-script/evidence/_audit/evidence_import_refs_2025_09_12_10_1093_ptj_pzaa028.json
evidence_import_refs_2025_09_12_10_1093_ptj_pzaa231,IA-clinique-codex-execute-codex-integration-script/evidence/_audit/evidence_import_refs_2025_09_12_10_1093_ptj_pzaa231.json
evidence_import_refs_2025_09_12_10_1093_ptj_pzab007,IA-clinique-codex-execute-codex-integration-script/evidence/_audit/evidence_import_refs_2025_09_12_10_1093_ptj_pzab007.json
evidence_import_refs_2025_09_12_10_1093_ptj_pzab308,IA-clinique-codex-execute-codex-integration-script/evidence/_audit/evidence_import_refs_2025_09_12_10_1093_ptj_pzab308.json
evidence_import_refs_2025_09_12_10_1093_rheumatology_ken424,IA-clinique-codex-execute-codex-integration-script/evidence/_audit/evidence_import_refs_2025_09_12_10_1093_rheumatology_ken424.json
evidence_import_refs_2025_09_12_10_1097_00007632_199105000_00011,IA-clinique-codex-execute-codex-integration-script/evidence/_audit/evidence_import_refs_2025_09_12_10_1097_00007632_199105000_00011.json
evidence_import_refs_2025_09_12_10_1097_00007632_199705150_00011,IA-clinique-codex-execute-codex-integration-script/evidence/_audit/evidence_import_refs_2025_09_12_10_1097_00007632_199705150_00011.json
evidence_import_refs_2025_09_12_10_1097_00007632_200301010_00014,IA-clinique-codex-execute-codex-integration-script/evidence/_audit/evidence_import_refs_2025_09_12_10_1097_00007632_200301010_00014.json
evidence_import_refs_2025_09_12_10_1097_01_brs_0000146464_23007_2a,IA-clinique-codex-execute-codex-integration-script/evidence/_audit/evidence_import_refs_2025_09_12_10_1097_01_brs_0000146464_23007_2a.json
evidence_import_refs_2025_09_12_10_1097_01_brs_0000214884_18502_93,IA-clinique-codex-execute-codex-integration-script/evidence/_audit/evidence_import_refs_2025_09_12_10_1097_01_brs_0000214884_18502_93.json
evidence_import_refs_2025_09_12_10_1097_ajp_0000000000000251,IA-clinique-codex-execute-codex-integration-script/evidence/_audit/evidence_import_refs_2025_09_12_10_1097_ajp_0000000000000251.json
evidence_import_refs_2025_09_12_10_1097_bpo_0000000000002779,IA-clinique-codex-execute-codex-integration-script/evidence/_audit/evidence_import_refs_2025_09_12_10_1097_bpo_0000000000002779.json
evidence_import_refs_2025_09_12_10_1097_brs_0000000000000059,IA-clinique-codex-execute-codex-integration-script/evidence/_audit/evidence_import_refs_2025_09_12_10_1097_brs_0000000000000059.json
evidence_import_refs_2025_09_12_10_1097_brs_0000000000000981,IA-clinique-codex-execute-codex-integration-script/evidence/_audit/evidence_import_refs_2025_09_12_10_1097_brs_0000000000000981.json
evidence_import_refs_2025_09_12_10_1097_brs_0000000000004781,IA-clinique-codex-execute-codex-integration-script/evidence/_audit/evidence_import_refs_2025_09_12_10_1097_brs_0000000000004781.json
evidence_import_refs_2025_09_12_10_1097_brs_0000000000005128,IA-clinique-codex-execute-codex-integration-script/evidence/_audit/evidence_import_refs_2025_09_12_10_1097_brs_0000000000005128.json
evidence_import_refs_2025_09_12_10_1097_brs_0b013e3181644600,IA-clinique-codex-execute-codex-integration-script/evidence/_audit/evidence_import_refs_2025_09_12_10_1097_brs_0b013e3181644600.json
evidence_import_refs_2025_09_12_10_1097_brs_0b013e3181644ae8,IA-clinique-codex-execute-codex-integration-script/evidence/_audit/evidence_import_refs_2025_09_12_10_1097_brs_0b013e3181644ae8.json
evidence_import_refs_2025_09_12_10_1097_bsd_0000000000000284,IA-clinique-codex-execute-codex-integration-script/evidence/_audit/evidence_import_refs_2025_09_12_10_1097_bsd_0000000000000284.json
evidence_import_refs_2025_09_12_10_1097_corr_0000000000001949,IA-clinique-codex-execute-codex-integration-script/evidence/_audit/evidence_import_refs_2025_09_12_10_1097_corr_0000000000001949.json
evidence_import_refs_2025_09_12_10_1097_ede_0b013e3181c30fb2,IA-clinique-codex-execute-codex-integration-script/evidence/_audit/evidence_import_refs_2025_09_12_10_1097_ede_0b013e3181c30fb2.json
evidence_import_refs_2025_09_12_10_1097_j_pain_0000000000000507,IA-clinique-codex-execute-codex-integration-script/evidence/_audit/evidence_import_refs_2025_09_12_10_1097_j_pain_0000000000000507.json
evidence_import_refs_2025_09_12_10_1097_j_pain_0000000000001211,IA-clinique-codex-execute-codex-integration-script/evidence/_audit/evidence_import_refs_2025_09_12_10_1097_j_pain_0000000000001211.json
evidence_import_refs_2025_09_12_10_1097_phm_0b013e3182971321,IA-clinique-codex-execute-codex-integration-script/evidence/_audit/evidence_import_refs_2025_09_12_10_1097_phm_0b013e3182971321.json
evidence_import_refs_2025_09_12_10_1111_acem_12811,IA-clinique-codex-execute-codex-integration-script/evidence/_audit/evidence_import_refs_2025_09_12_10_1111_acem_12811.json
evidence_import_refs_2025_09_12_10_1111_acem_13011,IA-clinique-codex-execute-codex-integration-script/evidence/_audit/evidence_import_refs_2025_09_12_10_1111_acem_13011.json
evidence_import_refs_2025_09_12_10_1111_cpf_12186,IA-clinique-codex-execute-codex-integration-script/evidence/_audit/evidence_import_refs_2025_09_12_10_1111_cpf_12186.json
evidence_import_refs_2025_09_12_10_1111_cpf_12263,IA-clinique-codex-execute-codex-integration-script/evidence/_audit/evidence_import_refs_2025_09_12_10_1111_cpf_12263.json
evidence_import_refs_2025_09_12_10_1111_ene_13166,IA-clinique-codex-execute-codex-integration-script/evidence/_audit/evidence_import_refs_2025_09_12_10_1111_ene_13166.json
evidence_import_refs_2025_09_12_10_1111_iep_12029,IA-clinique-codex-execute-codex-integration-script/evidence/_audit/evidence_import_refs_2025_09_12_10_1111_iep_12029.json
evidence_import_refs_2025_09_12_10_1111_j_1526_4610_2009_01550_x,IA-clinique-codex-execute-codex-integration-script/evidence/_audit/evidence_import_refs_2025_09_12_10_1111_j_1526_4610_2009_01550_x.json
evidence_import_refs_2025_09_12_10_1111_papr_12253,IA-clinique-codex-execute-codex-integration-script/evidence/_audit/evidence_import_refs_2025_09_12_10_1111_papr_12253.json
evidence_import_refs_2025_09_12_10_1111_pme_12052,IA-clinique-codex-execute-codex-integration-script/evidence/_audit/evidence_import_refs_2025_09_12_10_1111_pme_12052.json
evidence_import_refs_2025_09_12_10_1111_sms_12111,IA-clinique-codex-execute-codex-integration-script/evidence/_audit/evidence_import_refs_2025_09_12_10_1111_sms_12111.json
evidence_import_refs_2025_09_12_10_1111_sms_12957,IA-clinique-codex-execute-codex-integration-script/evidence/_audit/evidence_import_refs_2025_09_12_10_1111_sms_12957.json
evidence_import_refs_2025_09_12_10_1136_acupmed_2013_010410,IA-clinique-codex-execute-codex-integration-script/evidence/_audit/evidence_import_refs_2025_09_12_10_1136_acupmed_2013_010410.json
evidence_import_refs_2025_09_12_10_1136_bjsm_2007_038406,IA-clinique-codex-execute-codex-integration-script/evidence/_audit/evidence_import_refs_2025_09_12_10_1136_bjsm_2007_038406.json
evidence_import_refs_2025_09_12_10_1136_bjsm_2008_051193,IA-clinique-codex-execute-codex-integration-script/evidence/_audit/evidence_import_refs_2025_09_12_10_1136_bjsm_2008_051193.json
evidence_import_refs_2025_09_12_10_1136_bjsm_2011_084079,IA-clinique-codex-execute-codex-integration-script/evidence/_audit/evidence_import_refs_2025_09_12_10_1136_bjsm_2011_084079.json
evidence_import_refs_2025_09_12_10_1136_bjsm_36_6_392,IA-clinique-codex-execute-codex-integration-script/evidence/_audit/evidence_import_refs_2025_09_12_10_1136_bjsm_36_6_392.json
evidence_import_refs_2025_09_12_10_1136_bjsports_2011_090414,IA-clinique-codex-execute-codex-integration-script/evidence/_audit/evidence_import_refs_2025_09_12_10_1136_bjsports_2011_090414.json
evidence_import_refs_2025_09_12_10_1136_bjsports_2016_096458,IA-clinique-codex-execute-codex-integration-script/evidence/_audit/evidence_import_refs_2025_09_12_10_1136_bjsports_2016_096458.json
evidence_import_refs_2025_09_12_10_1136_bjsports_2017_098983,IA-clinique-codex-execute-codex-integration-script/evidence/_audit/evidence_import_refs_2025_09_12_10_1136_bjsports_2017_098983.json
evidence_import_refs_2025_09_12_10_1136_bjsports_2018_099198,IA-clinique-codex-execute-codex-integration-script/evidence/_audit/evidence_import_refs_2025_09_12_10_1136_bjsports_2018_099198.json
evidence_import_refs_2025_09_12_10_1136_bjsports_2018_099747,IA-clinique-codex-execute-codex-integration-script/evidence/_audit/evidence_import_refs_2025_09_12_10_1136_bjsports_2018_099747.json
evidence_import_refs_2025_09_12_10_1136_bjsports_2018_099878,IA-clinique-codex-execute-codex-integration-script/evidence/_audit/evidence_import_refs_2025_09_12_10_1136_bjsports_2018_099878.json
evidence_import_refs_2025_09_12_10_1136_bjsports_2019_100780,IA-clinique-codex-execute-codex-integration-script/evidence/_audit/evidence_import_refs_2025_09_12_10_1136_bjsports_2019_100780.json
evidence_import_refs_2025_09_12_10_1136_bjsports_2020_102216,IA-clinique-codex-execute-codex-integration-script/evidence/_audit/evidence_import_refs_2025_09_12_10_1136_bjsports_2020_102216.json
evidence_import_refs_2025_09_12_10_1136_bjsports_2024_109380,IA-clinique-codex-execute-codex-integration-script/evidence/_audit/evidence_import_refs_2025_09_12_10_1136_bjsports_2024_109380.json
evidence_import_refs_2025_09_12_10_1136_bmj_b2535,IA-clinique-codex-execute-codex-integration-script/evidence/_audit/evidence_import_refs_2025_09_12_10_1136_bmj_b2535.json
evidence_import_refs_2025_09_12_10_1136_bmj_f7095,IA-clinique-codex-execute-codex-integration-script/evidence/_audit/evidence_import_refs_2025_09_12_10_1136_bmj_f7095.json
evidence_import_refs_2025_09_12_10_1136_bmj_g1687,IA-clinique-codex-execute-codex-integration-script/evidence/_audit/evidence_import_refs_2025_09_12_10_1136_bmj_g1687.json
evidence_import_refs_2025_09_12_10_1136_bmj_l5358,IA-clinique-codex-execute-codex-integration-script/evidence/_audit/evidence_import_refs_2025_09_12_10_1136_bmj_l5358.json
evidence_import_refs_2025_09_12_10_1136_bmj_l540,IA-clinique-codex-execute-codex-integration-script/evidence/_audit/evidence_import_refs_2025_09_12_10_1136_bmj_l540.json
evidence_import_refs_2025_09_12_10_1136_bmj_l689,IA-clinique-codex-execute-codex-integration-script/evidence/_audit/evidence_import_refs_2025_09_12_10_1136_bmj_l689.json
evidence_import_refs_2025_09_12_10_1136_bmj_n71,IA-clinique-codex-execute-codex-integration-script/evidence/_audit/evidence_import_refs_2025_09_12_10_1136_bmj_n71.json
evidence_import_refs_2025_09_12_10_1136_bmjebm_2024_112974,IA-clinique-codex-execute-codex-integration-script/evidence/_audit/evidence_import_refs_2025_09_12_10_1136_bmjebm_2024_112974.json
evidence_import_refs_2025_09_12_10_1136_bmjopen_2016_012901,IA-clinique-codex-execute-codex-integration-script/evidence/_audit/evidence_import_refs_2025_09_12_10_1136_bmjopen_2016_012901.json
evidence_import_refs_2025_09_12_10_1136_bmjopen_2017_021358,IA-clinique-codex-execute-codex-integration-script/evidence/_audit/evidence_import_refs_2025_09_12_10_1136_bmjopen_2017_021358.json
evidence_import_refs_2025_09_12_10_1136_bmjopen_2019_029851,IA-clinique-codex-execute-codex-integration-script/evidence/_audit/evidence_import_refs_2025_09_12_10_1136_bmjopen_2019_029851.json
evidence_import_refs_2025_09_12_10_1136_bmjopen_2021_057724,IA-clinique-codex-execute-codex-integration-script/evidence/_audit/evidence_import_refs_2025_09_12_10_1136_bmjopen_2021_057724.json
evidence_import_refs_2025_09_12_10_1136_bmjopen_2022_068262,IA-clinique-codex-execute-codex-integration-script/evidence/_audit/evidence_import_refs_2025_09_12_10_1136_bmjopen_2022_068262.json
evidence_import_refs_2025_09_12_10_1136_bmjopen_2023_080646,IA-clinique-codex-execute-codex-integration-script/evidence/_audit/evidence_import_refs_2025_09_12_10_1136_bmjopen_2023_080646.json
evidence_import_refs_2025_09_12_10_1136_bmjsem_2016_000181,IA-clinique-codex-execute-codex-integration-script/evidence/_audit/evidence_import_refs_2025_09_12_10_1136_bmjsem_2016_000181.json
evidence_import_refs_2025_09_12_10_1136_bmjsem_2019_000683,IA-clinique-codex-execute-codex-integration-script/evidence/_audit/evidence_import_refs_2025_09_12_10_1136_bmjsem_2019_000683.json
evidence_import_refs_2025_09_12_10_1136_oem_2007_036046,IA-clinique-codex-execute-codex-integration-script/evidence/_audit/evidence_import_refs_2025_09_12_10_1136_oem_2007_036046.json
evidence_import_refs_2025_09_12_10_1136_rapm_2021_103116,IA-clinique-codex-execute-codex-integration-script/evidence/_audit/evidence_import_refs_2025_09_12_10_1136_rapm_2021_103116.json
evidence_import_refs_2025_09_12_10_1142_s0192415x91000156,IA-clinique-codex-execute-codex-integration-script/evidence/_audit/evidence_import_refs_2025_09_12_10_1142_s0192415x91000156.json
evidence_import_refs_2025_09_12_10_1148_radiology_200_3_8756939,IA-clinique-codex-execute-codex-integration-script/evidence/_audit/evidence_import_refs_2025_09_12_10_1148_radiology_200_3_8756939.json
evidence_import_refs_2025_09_12_10_1155_2006_197616,IA-clinique-codex-execute-codex-integration-script/evidence/_audit/evidence_import_refs_2025_09_12_10_1155_2006_197616.json
evidence_import_refs_2025_09_12_10_1155_2021_6678184,IA-clinique-codex-execute-codex-integration-script/evidence/_audit/evidence_import_refs_2025_09_12_10_1155_2021_6678184.json
evidence_import_refs_2025_09_12_10_1155_2022_4799248,IA-clinique-codex-execute-codex-integration-script/evidence/_audit/evidence_import_refs_2025_09_12_10_1155_2022_4799248.json
evidence_import_refs_2025_09_12_10_11591_edulearn_v19i1_21209,IA-clinique-codex-execute-codex-integration-script/evidence/_audit/evidence_import_refs_2025_09_12_10_11591_edulearn_v19i1_21209.json
evidence_import_refs_2025_09_12_10_11591_edulearn_v19i1_21853,IA-clinique-codex-execute-codex-integration-script/evidence/_audit/evidence_import_refs_2025_09_12_10_11591_edulearn_v19i1_21853.json
evidence_import_refs_2025_09_12_10_11604_pamj_2017_27_108_10036,IA-clinique-codex-execute-codex-integration-script/evidence/_audit/evidence_import_refs_2025_09_12_10_11604_pamj_2017_27_108_10036.json
evidence_import_refs_2025_09_12_10_1177_0194599816689667,IA-clinique-codex-execute-codex-integration-script/evidence/_audit/evidence_import_refs_2025_09_12_10_1177_0194599816689667.json
evidence_import_refs_2025_09_12_10_1177_0269215514540919,IA-clinique-codex-execute-codex-integration-script/evidence/_audit/evidence_import_refs_2025_09_12_10_1177_0269215514540919.json
evidence_import_refs_2025_09_12_10_1177_02692155231201048,IA-clinique-codex-execute-codex-integration-script/evidence/_audit/evidence_import_refs_2025_09_12_10_1177_02692155231201048.json
evidence_import_refs_2025_09_12_10_1177_0333102419869317,IA-clinique-codex-execute-codex-integration-script/evidence/_audit/evidence_import_refs_2025_09_12_10_1177_0333102419869317.json
evidence_import_refs_2025_09_12_10_1177_0363546503261422,IA-clinique-codex-execute-codex-integration-script/evidence/_audit/evidence_import_refs_2025_09_12_10_1177_0363546503261422.json
evidence_import_refs_2025_09_12_10_1177_0363546519878141,IA-clinique-codex-execute-codex-integration-script/evidence/_audit/evidence_import_refs_2025_09_12_10_1177_0363546519878141.json
evidence_import_refs_2025_09_12_10_1177_03635465231175151,IA-clinique-codex-execute-codex-integration-script/evidence/_audit/evidence_import_refs_2025_09_12_10_1177_03635465231175151.json
evidence_import_refs_2025_09_12_10_1177_1753193411407671,IA-clinique-codex-execute-codex-integration-script/evidence/_audit/evidence_import_refs_2025_09_12_10_1177_1753193411407671.json
evidence_import_refs_2025_09_12_10_1177_1753193415613050,IA-clinique-codex-execute-codex-integration-script/evidence/_audit/evidence_import_refs_2025_09_12_10_1177_1753193415613050.json
evidence_import_refs_2025_09_12_10_1177_1758573218798023,IA-clinique-codex-execute-codex-integration-script/evidence/_audit/evidence_import_refs_2025_09_12_10_1177_1758573218798023.json
evidence_import_refs_2025_09_12_10_1177_2192568220959037,IA-clinique-codex-execute-codex-integration-script/evidence/_audit/evidence_import_refs_2025_09_12_10_1177_2192568220959037.json
evidence_import_refs_2025_09_12_10_1177_23259671211003675,IA-clinique-codex-execute-codex-integration-script/evidence/_audit/evidence_import_refs_2025_09_12_10_1177_23259671211003675.json
evidence_import_refs_2025_09_12_10_1186_1471_2288_7_10,IA-clinique-codex-execute-codex-integration-script/evidence/_audit/evidence_import_refs_2025_09_12_10_1186_1471_2288_7_10.json
evidence_import_refs_2025_09_12_10_1186_1471_2296_6_29,IA-clinique-codex-execute-codex-integration-script/evidence/_audit/evidence_import_refs_2025_09_12_10_1186_1471_2296_6_29.json
evidence_import_refs_2025_09_12_10_1186_1471_2474_10_13,IA-clinique-codex-execute-codex-integration-script/evidence/_audit/evidence_import_refs_2025_09_12_10_1186_1471_2474_10_13.json
evidence_import_refs_2025_09_12_10_1186_1471_2474_5_32,IA-clinique-codex-execute-codex-integration-script/evidence/_audit/evidence_import_refs_2025_09_12_10_1186_1471_2474_5_32.json
evidence_import_refs_2025_09_12_10_1186_1471_2474_9_19,IA-clinique-codex-execute-codex-integration-script/evidence/_audit/evidence_import_refs_2025_09_12_10_1186_1471_2474_9_19.json
evidence_import_refs_2025_09_12_10_1186_1746_1340_16_13,IA-clinique-codex-execute-codex-integration-script/evidence/_audit/evidence_import_refs_2025_09_12_10_1186_1746_1340_16_13.json
evidence_import_refs_2025_09_12_10_1186_1746_1340_16_8,IA-clinique-codex-execute-codex-integration-script/evidence/_audit/evidence_import_refs_2025_09_12_10_1186_1746_1340_16_8.json
evidence_import_refs_2025_09_12_10_1186_2045_709x_20_26,IA-clinique-codex-execute-codex-integration-script/evidence/_audit/evidence_import_refs_2025_09_12_10_1186_2045_709x_20_26.json
evidence_import_refs_2025_09_12_10_1186_2045_709x_22_8,IA-clinique-codex-execute-codex-integration-script/evidence/_audit/evidence_import_refs_2025_09_12_10_1186_2045_709x_22_8.json
evidence_import_refs_2025_09_12_10_1186_s10194_018_0854_2,IA-clinique-codex-execute-codex-integration-script/evidence/_audit/evidence_import_refs_2025_09_12_10_1186_s10194_018_0854_2.json
evidence_import_refs_2025_09_12_10_1186_s12874_018_0611_x,IA-clinique-codex-execute-codex-integration-script/evidence/_audit/evidence_import_refs_2025_09_12_10_1186_s12874_018_0611_x.json
evidence_import_refs_2025_09_12_10_1186_s12877_023_04011_z,IA-clinique-codex-execute-codex-integration-script/evidence/_audit/evidence_import_refs_2025_09_12_10_1186_s12877_023_04011_z.json
evidence_import_refs_2025_09_12_10_1186_s12891_016_1074_z,IA-clinique-codex-execute-codex-integration-script/evidence/_audit/evidence_import_refs_2025_09_12_10_1186_s12891_016_1074_z.json
evidence_import_refs_2025_09_12_10_1186_s12891_019_2543_y,IA-clinique-codex-execute-codex-integration-script/evidence/_audit/evidence_import_refs_2025_09_12_10_1186_s12891_019_2543_y.json
evidence_import_refs_2025_09_12_10_1186_s12891_020_03873_3,IA-clinique-codex-execute-codex-integration-script/evidence/_audit/evidence_import_refs_2025_09_12_10_1186_s12891_020_03873_3.json
evidence_import_refs_2025_09_12_10_1186_s12891_022_05973_8,IA-clinique-codex-execute-codex-integration-script/evidence/_audit/evidence_import_refs_2025_09_12_10_1186_s12891_022_05973_8.json
evidence_import_refs_2025_09_12_10_1186_s12891_024_07667_9,IA-clinique-codex-execute-codex-integration-script/evidence/_audit/evidence_import_refs_2025_09_12_10_1186_s12891_024_07667_9.json
evidence_import_refs_2025_09_12_10_1186_s12906_017_1821_1,IA-clinique-codex-execute-codex-integration-script/evidence/_audit/evidence_import_refs_2025_09_12_10_1186_s12906_017_1821_1.json
evidence_import_refs_2025_09_12_10_1186_s12998_014_0047_2,IA-clinique-codex-execute-codex-integration-script/evidence/_audit/evidence_import_refs_2025_09_12_10_1186_s12998_014_0047_2.json
evidence_import_refs_2025_09_12_10_1186_s12998_015_0054_y,IA-clinique-codex-execute-codex-integration-script/evidence/_audit/evidence_import_refs_2025_09_12_10_1186_s12998_015_0054_y.json
evidence_import_refs_2025_09_12_10_1186_s12998_016_0106_y,IA-clinique-codex-execute-codex-integration-script/evidence/_audit/evidence_import_refs_2025_09_12_10_1186_s12998_016_0106_y.json
evidence_import_refs_2025_09_12_10_1186_s12998_017_0140_4,IA-clinique-codex-execute-codex-integration-script/evidence/_audit/evidence_import_refs_2025_09_12_10_1186_s12998_017_0140_4.json
evidence_import_refs_2025_09_12_10_1186_s12998_017_0153_z,IA-clinique-codex-execute-codex-integration-script/evidence/_audit/evidence_import_refs_2025_09_12_10_1186_s12998_017_0153_z.json
evidence_import_refs_2025_09_12_10_1186_s12998_017_0168_5,IA-clinique-codex-execute-codex-integration-script/evidence/_audit/evidence_import_refs_2025_09_12_10_1186_s12998_017_0168_5.json
evidence_import_refs_2025_09_12_10_1186_s12998_018_0179_x,IA-clinique-codex-execute-codex-integration-script/evidence/_audit/evidence_import_refs_2025_09_12_10_1186_s12998_018_0179_x.json
evidence_import_refs_2025_09_12_10_1186_s12998_018_0181_3,IA-clinique-codex-execute-codex-integration-script/evidence/_audit/evidence_import_refs_2025_09_12_10_1186_s12998_018_0181_3.json
evidence_import_refs_2025_09_12_10_1186_s12998_018_0226_7,IA-clinique-codex-execute-codex-integration-script/evidence/_audit/evidence_import_refs_2025_09_12_10_1186_s12998_018_0226_7.json
evidence_import_refs_2025_09_12_10_1186_s12998_021_00371_8,IA-clinique-codex-execute-codex-integration-script/evidence/_audit/evidence_import_refs_2025_09_12_10_1186_s12998_021_00371_8.json
evidence_import_refs_2025_09_12_10_1186_s12998_021_00392_3,IA-clinique-codex-execute-codex-integration-script/evidence/_audit/evidence_import_refs_2025_09_12_10_1186_s12998_021_00392_3.json
evidence_import_refs_2025_09_12_10_1186_s13018_022_03017_4,IA-clinique-codex-execute-codex-integration-script/evidence/_audit/evidence_import_refs_2025_09_12_10_1186_s13018_022_03017_4.json
evidence_import_refs_2025_09_12_10_1186_s13023_015_0322_x,IA-clinique-codex-execute-codex-integration-script/evidence/_audit/evidence_import_refs_2025_09_12_10_1186_s13023_015_0322_x.json
evidence_import_refs_2025_09_12_10_1186_s13102_023_00618_2,IA-clinique-codex-execute-codex-integration-script/evidence/_audit/evidence_import_refs_2025_09_12_10_1186_s13102_023_00618_2.json
evidence_import_refs_2025_09_12_10_1186_s13643_017_0458_y,IA-clinique-codex-execute-codex-integration-script/evidence/_audit/evidence_import_refs_2025_09_12_10_1186_s13643_017_0458_y.json
evidence_import_refs_2025_09_12_10_1186_s40634_020_00307_w,IA-clinique-codex-execute-codex-integration-script/evidence/_audit/evidence_import_refs_2025_09_12_10_1186_s40634_020_00307_w.json
evidence_import_refs_2025_09_12_10_1186_s40814_022_01127_8,IA-clinique-codex-execute-codex-integration-script/evidence/_audit/evidence_import_refs_2025_09_12_10_1186_s40814_022_01127_8.json
evidence_import_refs_2025_09_12_10_1186_s41512_019_0060_y,IA-clinique-codex-execute-codex-integration-script/evidence/_audit/evidence_import_refs_2025_09_12_10_1186_s41512_019_0060_y.json
evidence_import_refs_2025_09_12_10_1196_annals_1351_019,IA-clinique-codex-execute-codex-integration-script/evidence/_audit/evidence_import_refs_2025_09_12_10_1196_annals_1351_019.json
evidence_import_refs_2025_09_12_10_1258_jrsm_100_7_330,IA-clinique-codex-execute-codex-integration-script/evidence/_audit/evidence_import_refs_2025_09_12_10_1258_jrsm_100_7_330.json
evidence_import_refs_2025_09_12_10_1258_jrsm_99_4_192,IA-clinique-codex-execute-codex-integration-script/evidence/_audit/evidence_import_refs_2025_09_12_10_1258_jrsm_99_4_192.json
evidence_import_refs_2025_09_12_10_12659_ajcr_936984,IA-clinique-codex-execute-codex-integration-script/evidence/_audit/evidence_import_refs_2025_09_12_10_12659_ajcr_936984.json
evidence_import_refs_2025_09_12_10_12659_ajcr_937609,IA-clinique-codex-execute-codex-integration-script/evidence/_audit/evidence_import_refs_2025_09_12_10_12659_ajcr_937609.json
evidence_import_refs_2025_09_12_10_12775_mbs_2016_008,IA-clinique-codex-execute-codex-integration-script/evidence/_audit/evidence_import_refs_2025_09_12_10_12775_mbs_2016_008.json
evidence_import_refs_2025_09_12_10_12968_hmed_2019_0051,IA-clinique-codex-execute-codex-integration-script/evidence/_audit/evidence_import_refs_2025_09_12_10_12968_hmed_2019_0051.json
evidence_import_refs_2025_09_12_10_12982_jams_2024_050,IA-clinique-codex-execute-codex-integration-script/evidence/_audit/evidence_import_refs_2025_09_12_10_12982_jams_2024_050.json
evidence_import_refs_2025_09_12_10_1371_journal_pmed_1001380,IA-clinique-codex-execute-codex-integration-script/evidence/_audit/evidence_import_refs_2025_09_12_10_1371_journal_pmed_1001380.json
evidence_import_refs_2025_09_12_10_1371_journal_pmed_1001381,IA-clinique-codex-execute-codex-integration-script/evidence/_audit/evidence_import_refs_2025_09_12_10_1371_journal_pmed_1001381.json
evidence_import_refs_2025_09_12_10_1371_journal_pmed_1002019,IA-clinique-codex-execute-codex-integration-script/evidence/_audit/evidence_import_refs_2025_09_12_10_1371_journal_pmed_1002019.json
evidence_import_refs_2025_09_12_10_1371_journal_pone_0032844,IA-clinique-codex-execute-codex-integration-script/evidence/_audit/evidence_import_refs_2025_09_12_10_1371_journal_pone_0032844.json
evidence_import_refs_2025_09_12_10_1371_journal_pone_0178621,IA-clinique-codex-execute-codex-integration-script/evidence/_audit/evidence_import_refs_2025_09_12_10_1371_journal_pone_0178621.json
evidence_import_refs_2025_09_12_10_1371_journal_pone_0265970,IA-clinique-codex-execute-codex-integration-script/evidence/_audit/evidence_import_refs_2025_09_12_10_1371_journal_pone_0265970.json
evidence_import_refs_2025_09_12_10_1371_journal_pone_0299159,IA-clinique-codex-execute-codex-integration-script/evidence/_audit/evidence_import_refs_2025_09_12_10_1371_journal_pone_0299159.json
evidence_import_refs_2025_09_12_10_1371_journal_pone_0306993,IA-clinique-codex-execute-codex-integration-script/evidence/_audit/evidence_import_refs_2025_09_12_10_1371_journal_pone_0306993.json
evidence_import_refs_2025_09_12_10_1503_cmaj_090449,IA-clinique-codex-execute-codex-integration-script/evidence/_audit/evidence_import_refs_2025_09_12_10_1503_cmaj_090449.json
evidence_import_refs_2025_09_12_10_1542_peds_2006_1392,IA-clinique-codex-execute-codex-integration-script/evidence/_audit/evidence_import_refs_2025_09_12_10_1542_peds_2006_1392.json
evidence_import_refs_2025_09_12_10_1589_jpts_27_1937,IA-clinique-codex-execute-codex-integration-script/evidence/_audit/evidence_import_refs_2025_09_12_10_1589_jpts_27_1937.json
evidence_import_refs_2025_09_12_10_1589_jpts_28_1219,IA-clinique-codex-execute-codex-integration-script/evidence/_audit/evidence_import_refs_2025_09_12_10_1589_jpts_28_1219.json
evidence_import_refs_2025_09_12_10_20944_preprints202406_1887_v1,IA-clinique-codex-execute-codex-integration-script/evidence/_audit/evidence_import_refs_2025_09_12_10_20944_preprints202406_1887_v1.json
evidence_import_refs_2025_09_12_10_21105_joss_01686,IA-clinique-codex-execute-codex-integration-script/evidence/_audit/evidence_import_refs_2025_09_12_10_21105_joss_01686.json
evidence_import_refs_2025_09_12_10_21203_rs_3_rs_536100_v1,IA-clinique-codex-execute-codex-integration-script/evidence/_audit/evidence_import_refs_2025_09_12_10_21203_rs_3_rs_536100_v1.json
evidence_import_refs_2025_09_12_10_2144_fsoa_2020_0145,IA-clinique-codex-execute-codex-integration-script/evidence/_audit/evidence_import_refs_2025_09_12_10_2144_fsoa_2020_0145.json
evidence_import_refs_2025_09_12_10_21474_ijar01_18894,IA-clinique-codex-execute-codex-integration-script/evidence/_audit/evidence_import_refs_2025_09_12_10_21474_ijar01_18894.json
evidence_import_refs_2025_09_12_10_2174_1874325001711010957,IA-clinique-codex-execute-codex-integration-script/evidence/_audit/evidence_import_refs_2025_09_12_10_2174_1874325001711010957.json
evidence_import_refs_2025_09_12_10_2217_fon_2016_0423,IA-clinique-codex-execute-codex-integration-script/evidence/_audit/evidence_import_refs_2025_09_12_10_2217_fon_2016_0423.json
evidence_import_refs_2025_09_12_10_2302_kjm_32_59,IA-clinique-codex-execute-codex-integration-script/evidence/_audit/evidence_import_refs_2025_09_12_10_2302_kjm_32_59.json
evidence_import_refs_2025_09_12_10_2519_jospt_2004_34_10_601,IA-clinique-codex-execute-codex-integration-script/evidence/_audit/evidence_import_refs_2025_09_12_10_2519_jospt_2004_34_10_601.json
evidence_import_refs_2025_09_12_10_2519_jospt_2005_35_1_24,IA-clinique-codex-execute-codex-integration-script/evidence/_audit/evidence_import_refs_2025_09_12_10_2519_jospt_2005_35_1_24.json
evidence_import_refs_2025_09_12_10_2519_jospt_2008_0303,IA-clinique-codex-execute-codex-integration-script/evidence/_audit/evidence_import_refs_2025_09_12_10_2519_jospt_2008_0303.json
evidence_import_refs_2025_09_12_10_2519_jospt_2008_2658,IA-clinique-codex-execute-codex-integration-script/evidence/_audit/evidence_import_refs_2025_09_12_10_2519_jospt_2008_2658.json
evidence_import_refs_2025_09_12_10_2519_jospt_2009_3088,IA-clinique-codex-execute-codex-integration-script/evidence/_audit/evidence_import_refs_2025_09_12_10_2519_jospt_2009_3088.json
evidence_import_refs_2025_09_12_10_2519_jospt_2009_3128,IA-clinique-codex-execute-codex-integration-script/evidence/_audit/evidence_import_refs_2025_09_12_10_2519_jospt_2009_3128.json
evidence_import_refs_2025_09_12_10_2519_jospt_2011_3632,IA-clinique-codex-execute-codex-integration-script/evidence/_audit/evidence_import_refs_2025_09_12_10_2519_jospt_2011_3632.json
evidence_import_refs_2025_09_12_10_2519_jospt_2013_0104,IA-clinique-codex-execute-codex-integration-script/evidence/_audit/evidence_import_refs_2025_09_12_10_2519_jospt_2013_0104.json
evidence_import_refs_2025_09_12_10_2519_jospt_2014_5065,IA-clinique-codex-execute-codex-integration-script/evidence/_audit/evidence_import_refs_2025_09_12_10_2519_jospt_2014_5065.json
evidence_import_refs_2025_09_12_10_2519_jospt_2014_5108,IA-clinique-codex-execute-codex-integration-script/evidence/_audit/evidence_import_refs_2025_09_12_10_2519_jospt_2014_5108.json
evidence_import_refs_2025_09_12_10_2519_jospt_2015_5987,IA-clinique-codex-execute-codex-integration-script/evidence/_audit/evidence_import_refs_2025_09_12_10_2519_jospt_2015_5987.json
evidence_import_refs_2025_09_12_10_2519_jospt_2016_5979,IA-clinique-codex-execute-codex-integration-script/evidence/_audit/evidence_import_refs_2025_09_12_10_2519_jospt_2016_5979.json
evidence_import_refs_2025_09_12_10_2519_jospt_2016_6366,IA-clinique-codex-execute-codex-integration-script/evidence/_audit/evidence_import_refs_2025_09_12_10_2519_jospt_2016_6366.json
evidence_import_refs_2025_09_12_10_2519_jospt_2017_0302,IA-clinique-codex-execute-codex-integration-script/evidence/_audit/evidence_import_refs_2025_09_12_10_2519_jospt_2017_0302.json
evidence_import_refs_2025_09_12_10_2519_jospt_2017_7415,IA-clinique-codex-execute-codex-integration-script/evidence/_audit/evidence_import_refs_2025_09_12_10_2519_jospt_2017_7415.json
evidence_import_refs_2025_09_12_10_2519_jospt_2018_0608,IA-clinique-codex-execute-codex-integration-script/evidence/_audit/evidence_import_refs_2025_09_12_10_2519_jospt_2018_0608.json
evidence_import_refs_2025_09_12_10_2519_jospt_2021_0105,IA-clinique-codex-execute-codex-integration-script/evidence/_audit/evidence_import_refs_2025_09_12_10_2519_jospt_2021_0105.json
evidence_import_refs_2025_09_12_10_2519_jospt_2021_0507,IA-clinique-codex-execute-codex-integration-script/evidence/_audit/evidence_import_refs_2025_09_12_10_2519_jospt_2021_0507.json
evidence_import_refs_2025_09_12_10_2519_jospt_2022_10698,IA-clinique-codex-execute-codex-integration-script/evidence/_audit/evidence_import_refs_2025_09_12_10_2519_jospt_2022_10698.json
evidence_import_refs_2025_09_12_10_2519_jospt_2024_12081,IA-clinique-codex-execute-codex-integration-script/evidence/_audit/evidence_import_refs_2025_09_12_10_2519_jospt_2024_12081.json
evidence_import_refs_2025_09_12_10_2519_josptopen_2023_1134,IA-clinique-codex-execute-codex-integration-script/evidence/_audit/evidence_import_refs_2025_09_12_10_2519_josptopen_2023_1134.json
evidence_import_refs_2025_09_12_10_2522_ptj_20060192,IA-clinique-codex-execute-codex-integration-script/evidence/_audit/evidence_import_refs_2025_09_12_10_2522_ptj_20060192.json
evidence_import_refs_2025_09_12_10_2522_ptj_20080351,IA-clinique-codex-execute-codex-integration-script/evidence/_audit/evidence_import_refs_2025_09_12_10_2522_ptj_20080351.json
evidence_import_refs_2025_09_12_10_2522_ptj_20100061,IA-clinique-codex-execute-codex-integration-script/evidence/_audit/evidence_import_refs_2025_09_12_10_2522_ptj_20100061.json
evidence_import_refs_2025_09_12_10_2522_ptj_20100109,IA-clinique-codex-execute-codex-integration-script/evidence/_audit/evidence_import_refs_2025_09_12_10_2522_ptj_20100109.json
evidence_import_refs_2025_09_12_10_2522_ptj_20100251,IA-clinique-codex-execute-codex-integration-script/evidence/_audit/evidence_import_refs_2025_09_12_10_2522_ptj_20100251.json
evidence_import_refs_2025_09_12_10_2522_ptj_20100272,IA-clinique-codex-execute-codex-integration-script/evidence/_audit/evidence_import_refs_2025_09_12_10_2522_ptj_20100272.json
evidence_import_refs_2025_09_12_10_2522_ptj_20100280,IA-clinique-codex-execute-codex-integration-script/evidence/_audit/evidence_import_refs_2025_09_12_10_2522_ptj_20100280.json
evidence_import_refs_2025_09_12_10_2522_ptj_20110388,IA-clinique-codex-execute-codex-integration-script/evidence/_audit/evidence_import_refs_2025_09_12_10_2522_ptj_20110388.json
evidence_import_refs_2025_09_12_10_25259_jassm_26_2024,IA-clinique-codex-execute-codex-integration-script/evidence/_audit/evidence_import_refs_2025_09_12_10_25259_jassm_26_2024.json
evidence_import_refs_2025_09_12_10_3109_00207459808986453,IA-clinique-codex-execute-codex-integration-script/evidence/_audit/evidence_import_refs_2025_09_12_10_3109_00207459808986453.json
evidence_import_refs_2025_09_12_10_3138_ptc_2014_37f,IA-clinique-codex-execute-codex-integration-script/evidence/_audit/evidence_import_refs_2025_09_12_10_3138_ptc_2014_37f.json
evidence_import_refs_2025_09_12_10_31616_asj_2022_0366,IA-clinique-codex-execute-codex-integration-script/evidence/_audit/evidence_import_refs_2025_09_12_10_31616_asj_2022_0366.json
evidence_import_refs_2025_09_12_10_3171_2017_2_spine16760,IA-clinique-codex-execute-codex-integration-script/evidence/_audit/evidence_import_refs_2025_09_12_10_3171_2017_2_spine16760.json
evidence_import_refs_2025_09_12_10_31729_jnma_4282,IA-clinique-codex-execute-codex-integration-script/evidence/_audit/evidence_import_refs_2025_09_12_10_31729_jnma_4282.json
evidence_import_refs_2025_09_12_10_3174_ajnr_a4173,IA-clinique-codex-execute-codex-integration-script/evidence/_audit/evidence_import_refs_2025_09_12_10_3174_ajnr_a4173.json
evidence_import_refs_2025_09_12_10_3233_bmr_150587,IA-clinique-codex-execute-codex-integration-script/evidence/_audit/evidence_import_refs_2025_09_12_10_3233_bmr_150587.json
evidence_import_refs_2025_09_12_10_3233_bmr_210358,IA-clinique-codex-execute-codex-integration-script/evidence/_audit/evidence_import_refs_2025_09_12_10_3233_bmr_210358.json
evidence_import_refs_2025_09_12_10_3233_ves_150553,IA-clinique-codex-execute-codex-integration-script/evidence/_audit/evidence_import_refs_2025_09_12_10_3233_ves_150553.json
evidence_import_refs_2025_09_12_10_32382_fis_v16i1_725,IA-clinique-codex-execute-codex-integration-script/evidence/_audit/evidence_import_refs_2025_09_12_10_32382_fis_v16i1_725.json
evidence_import_refs_2025_09_12_10_3340_jkns_2013_53_2_89,IA-clinique-codex-execute-codex-integration-script/evidence/_audit/evidence_import_refs_2025_09_12_10_3340_jkns_2013_53_2_89.json
evidence_import_refs_2025_09_12_10_3389_fmed_2024_1433070,IA-clinique-codex-execute-codex-integration-script/evidence/_audit/evidence_import_refs_2025_09_12_10_3389_fmed_2024_1433070.json
evidence_import_refs_2025_09_12_10_3389_fphar_2022_811962,IA-clinique-codex-execute-codex-integration-script/evidence/_audit/evidence_import_refs_2025_09_12_10_3389_fphar_2022_811962.json
evidence_import_refs_2025_09_12_10_3390_ijerph18042023,IA-clinique-codex-execute-codex-integration-script/evidence/_audit/evidence_import_refs_2025_09_12_10_3390_ijerph18042023.json
evidence_import_refs_2025_09_12_10_3390_ijerph182413078,IA-clinique-codex-execute-codex-integration-script/evidence/_audit/evidence_import_refs_2025_09_12_10_3390_ijerph182413078.json
evidence_import_refs_2025_09_12_10_3390_jcm11010154,IA-clinique-codex-execute-codex-integration-script/evidence/_audit/evidence_import_refs_2025_09_12_10_3390_jcm11010154.json
evidence_import_refs_2025_09_12_10_3390_jcm12237416,IA-clinique-codex-execute-codex-integration-script/evidence/_audit/evidence_import_refs_2025_09_12_10_3390_jcm12237416.json
evidence_import_refs_2025_09_12_10_3390_jcm13164781,IA-clinique-codex-execute-codex-integration-script/evidence/_audit/evidence_import_refs_2025_09_12_10_3390_jcm13164781.json
evidence_import_refs_2025_09_12_10_3390_life14060754,IA-clinique-codex-execute-codex-integration-script/evidence/_audit/evidence_import_refs_2025_09_12_10_3390_life14060754.json
evidence_import_refs_2025_09_12_10_3390_life14080936,IA-clinique-codex-execute-codex-integration-script/evidence/_audit/evidence_import_refs_2025_09_12_10_3390_life14080936.json
evidence_import_refs_2025_09_12_10_3390_medicina55080453,IA-clinique-codex-execute-codex-integration-script/evidence/_audit/evidence_import_refs_2025_09_12_10_3390_medicina55080453.json
evidence_import_refs_2025_09_12_10_35975_apic_v28i3_2459,IA-clinique-codex-execute-codex-integration-script/evidence/_audit/evidence_import_refs_2025_09_12_10_35975_apic_v28i3_2459.json
evidence_import_refs_2025_09_12_10_4102_sajp_v78i1_1823,IA-clinique-codex-execute-codex-integration-script/evidence/_audit/evidence_import_refs_2025_09_12_10_4102_sajp_v78i1_1823.json
evidence_import_refs_2025_09_12_10_4103_jrms_jrms_745_18,IA-clinique-codex-execute-codex-integration-script/evidence/_audit/evidence_import_refs_2025_09_12_10_4103_jrms_jrms_745_18.json
evidence_import_refs_2025_09_12_10_4103_sni_sni_359_17,IA-clinique-codex-execute-codex-integration-script/evidence/_audit/evidence_import_refs_2025_09_12_10_4103_sni_sni_359_17.json
evidence_import_refs_2025_09_12_10_4314_tjpr_v23i5_13,IA-clinique-codex-execute-codex-integration-script/evidence/_audit/evidence_import_refs_2025_09_12_10_4314_tjpr_v23i5_13.json
evidence_import_refs_2025_09_12_10_52403_ijrr_20240805,IA-clinique-codex-execute-codex-integration-script/evidence/_audit/evidence_import_refs_2025_09_12_10_52403_ijrr_20240805.json
evidence_import_refs_2025_09_12_10_5435_jaaos_21_05_268,IA-clinique-codex-execute-codex-integration-script/evidence/_audit/evidence_import_refs_2025_09_12_10_5435_jaaos_21_05_268.json
evidence_import_refs_2025_09_12_10_5705_ss_202021_0387,IA-clinique-codex-execute-codex-integration-script/evidence/_audit/evidence_import_refs_2025_09_12_10_5705_ss_202021_0387.json
evidence_import_refs_2025_09_12_10_57220_jatpb_v3i1_178,IA-clinique-codex-execute-codex-integration-script/evidence/_audit/evidence_import_refs_2025_09_12_10_57220_jatpb_v3i1_178.json
evidence_import_refs_2025_09_12_10_57220_jatpb_v3i1_180,IA-clinique-codex-execute-codex-integration-script/evidence/_audit/evidence_import_refs_2025_09_12_10_57220_jatpb_v3i1_180.json
evidence_import_refs_2025_09_12_10_61919_jhrr_v4i2_1168,IA-clinique-codex-execute-codex-integration-script/evidence/_audit/evidence_import_refs_2025_09_12_10_61919_jhrr_v4i2_1168.json
evidence_import_refs_2025_09_12_10_70065_24ja83_006l011007,IA-clinique-codex-execute-codex-integration-script/evidence/_audit/evidence_import_refs_2025_09_12_10_70065_24ja83_006l011007.json
evidence_import_refs_2025_09_12_10_7326_0003_4819_156_1_201201030_00002,IA-clinique-codex-execute-codex-integration-script/evidence/_audit/evidence_import_refs_2025_09_12_10_7326_0003_4819_156_1_201201030_00002.json
evidence_import_refs_2025_09_12_10_7326_0003_4819_156_1_201201030_00004,IA-clinique-codex-execute-codex-integration-script/evidence/_audit/evidence_import_refs_2025_09_12_10_7326_0003_4819_156_1_201201030_00004.json
evidence_import_refs_2025_09_12_10_7326_0003_4819_156_7_201204030_00009,IA-clinique-codex-execute-codex-integration-script/evidence/_audit/evidence_import_refs_2025_09_12_10_7326_0003_4819_156_7_201204030_00009.json
evidence_import_refs_2025_09_12_10_7326_m18_1376,IA-clinique-codex-execute-codex-integration-script/evidence/_audit/evidence_import_refs_2025_09_12_10_7326_m18_1376.json
evidence_import_refs_2025_09_12_10_7759_cureus_17601,IA-clinique-codex-execute-codex-integration-script/evidence/_audit/evidence_import_refs_2025_09_12_10_7759_cureus_17601.json
evidence_import_refs_2025_09_12_10_7759_cureus_25664,IA-clinique-codex-execute-codex-integration-script/evidence/_audit/evidence_import_refs_2025_09_12_10_7759_cureus_25664.json
evidence_import_refs_2025_09_12_10_7759_cureus_31758,IA-clinique-codex-execute-codex-integration-script/evidence/_audit/evidence_import_refs_2025_09_12_10_7759_cureus_31758.json
evidence_import_refs_2025_09_12_10_7759_cureus_33262,IA-clinique-codex-execute-codex-integration-script/evidence/_audit/evidence_import_refs_2025_09_12_10_7759_cureus_33262.json
evidence_import_refs_2025_09_12_10_7759_cureus_34821,IA-clinique-codex-execute-codex-integration-script/evidence/_audit/evidence_import_refs_2025_09_12_10_7759_cureus_34821.json
evidence_import_refs_2025_09_12_10_7759_cureus_39277,IA-clinique-codex-execute-codex-integration-script/evidence/_audit/evidence_import_refs_2025_09_12_10_7759_cureus_39277.json
evidence_import_refs_2025_09_12_10_7759_cureus_39810,IA-clinique-codex-execute-codex-integration-script/evidence/_audit/evidence_import_refs_2025_09_12_10_7759_cureus_39810.json
evidence_import_refs_2025_09_12_10_7759_cureus_44653,IA-clinique-codex-execute-codex-integration-script/evidence/_audit/evidence_import_refs_2025_09_12_10_7759_cureus_44653.json
evidence_import_refs_2025_09_12_10_7759_cureus_47512,IA-clinique-codex-execute-codex-integration-script/evidence/_audit/evidence_import_refs_2025_09_12_10_7759_cureus_47512.json
evidence_import_refs_2025_09_12_10_7759_cureus_51440,IA-clinique-codex-execute-codex-integration-script/evidence/_audit/evidence_import_refs_2025_09_12_10_7759_cureus_51440.json
evidence_import_refs_2025_09_12_10_7759_cureus_51444,IA-clinique-codex-execute-codex-integration-script/evidence/_audit/evidence_import_refs_2025_09_12_10_7759_cureus_51444.json
evidence_import_refs_2025_09_12_10_7759_cureus_51445,IA-clinique-codex-execute-codex-integration-script/evidence/_audit/evidence_import_refs_2025_09_12_10_7759_cureus_51445.json
evidence_import_refs_2025_09_12_10_7759_cureus_52999,IA-clinique-codex-execute-codex-integration-script/evidence/_audit/evidence_import_refs_2025_09_12_10_7759_cureus_52999.json
evidence_import_refs_2025_09_13_10_1016_j_berh_2011_01_019,IA-clinique-codex-execute-codex-integration-script/evidence/_audit/evidence_import_refs_2025_09_13_10_1016_j_berh_2011_01_019.json
evidence_import_refs_2025_09_13_10_1016_j_math_2015_07_008,IA-clinique-codex-execute-codex-integration-script/evidence/_audit/evidence_import_refs_2025_09_13_10_1016_j_math_2015_07_008.json
evidence_import_refs_2025_09_13_10_1136_bmj_b3883,IA-clinique-codex-execute-codex-integration-script/evidence/_audit/evidence_import_refs_2025_09_13_10_1136_bmj_b3883.json
evidence_import_refs_2025_09_13_10_1177_21925682231209869,IA-clinique-codex-execute-codex-integration-script/evidence/_audit/evidence_import_refs_2025_09_13_10_1177_21925682231209869.json
evidence_import_refs_2025_09_13_10_1186_s12998_021_00377_2,IA-clinique-codex-execute-codex-integration-script/evidence/_audit/evidence_import_refs_2025_09_13_10_1186_s12998_021_00377_2.json
evidence_import_refs_2025_09_13_10_2522_ptj_20080283,IA-clinique-codex-execute-codex-integration-script/evidence/_audit/evidence_import_refs_2025_09_13_10_2522_ptj_20080283.json
evidence_therapie_manuelle_smt,IA-clinique-codex-execute-codex-integration-script/evidence/_audit/evidence_therapie_manuelle_smt.json
